date,AUDclose
2014-11-07,1.1578
2014-11-08,1.1574
2014-11-09,1.1569
2014-11-10,1.1597
2014-11-11,1.1503
2014-11-12,1.1479
2014-11-13,1.1479
2014-11-14,1.1428
2014-11-15,1.1419
2014-11-16,1.1419
2014-11-17,1.1493
2014-11-18,1.1472
2014-11-19,1.1625
2014-11-20,1.1602
2014-11-21,1.1526
2014-11-22,1.1529
2014-11-23,1.1535
2014-11-24,1.1609
2014-11-25,1.1718
2014-11-26,1.1709
2014-11-27,1.1732
2014-11-28,1.175
2014-11-29,1.1745
2014-11-30,1.1796
2014-12-01,1.1772
2014-12-02,1.1837
2014-12-03,1.1922
2014-12-04,1.1931
2014-12-05,1.2006
2014-12-06,1.2021
2014-12-07,1.2052
2014-12-08,1.2048
2014-12-09,1.2058
2014-12-10,1.202
2014-12-11,1.2096
2014-12-12,1.212
2014-12-13,1.2124
2014-12-14,1.2117
2014-12-15,1.2178
2014-12-16,1.2166
2014-12-17,1.2295
2014-12-18,1.2234
2014-12-19,1.2264
2014-12-20,1.2273
2014-12-21,1.2288
2014-12-22,1.2311
2014-12-23,1.2329
2014-12-24,1.2317
2014-12-25,1.2314
2014-12-26,1.2309
2014-12-27,1.2313
2014-12-30,1.2221
2014-12-31,1.2225
2015-01-01,1.2235
2015-01-02,1.2352
2015-01-03,1.2356
2015-01-04,1.2379
2015-01-05,1.2367
2015-01-06,1.2386
2015-01-07,1.238
2015-01-08,1.2325
2015-01-09,1.2188
2015-01-10,1.2186
2015-01-11,1.2165
2015-01-12,1.2264
2015-01-13,1.2244
2015-01-14,1.2257
2015-01-15,1.2205
2015-01-16,1.2141
2015-01-17,1.2149
2015-01-18,1.2159
2015-01-19,1.2195
2015-01-20,1.2248
2015-01-21,1.2358
2015-01-22,1.2466
2015-01-23,1.2634
2015-01-24,1.264
2015-01-25,1.2672
2015-01-26,1.2625
2015-01-27,1.2613
2015-01-28,1.2681
2015-01-29,1.2871
2015-01-30,1.2855
2015-01-31,1.2858
2015-02-01,1.2873
2015-02-02,1.2824
2015-02-03,1.2876
2015-02-04,1.2898
2015-02-05,1.2812
2015-02-06,1.2822
2015-02-07,1.2821
2015-02-08,1.2871
2015-02-09,1.2824
2015-02-10,1.2876
2015-02-11,1.2943
2015-02-12,1.2929
2015-02-13,1.2865
2015-02-14,1.2853
2015-02-15,1.2874
2015-02-16,1.2876
2015-02-17,1.2797
2015-02-18,1.2796
2015-02-19,1.2829
2015-02-20,1.2731
2015-02-21,1.2742
2015-02-22,1.2753
2015-02-23,1.2813
2015-02-24,1.2775
2015-02-25,1.268
2015-02-26,1.2823
2015-02-27,1.2807
2015-02-28,1.2801
2015-03-01,1.2806
2015-03-02,1.2888
2015-03-03,1.2798
2015-03-04,1.2791
2015-03-05,1.2849
2015-03-06,1.2936
2015-03-07,1.2959
2015-03-08,1.2954
2015-03-09,1.3006
2015-03-10,1.3105
2015-03-11,1.3148
2015-03-12,1.2986
2015-03-13,1.3089
2015-03-14,1.3088
2015-03-15,1.311
2015-03-16,1.308
2015-03-17,1.3119
2015-03-18,1.2898
2015-03-19,1.3066
2015-03-20,1.2858
2015-03-21,1.2862
2015-03-22,1.2844
2015-03-23,1.2669
2015-03-24,1.2704
2015-03-25,1.2762
2015-03-26,1.2774
2015-03-27,1.2892
2015-03-28,1.2881
2015-03-29,1.2919
2015-03-30,1.3059
2015-03-31,1.3121
2015-04-01,1.3155
2015-04-02,1.3184
2015-04-03,1.3097
2015-04-04,1.3098
2015-04-05,1.3101
2015-04-06,1.3165
2015-04-07,1.3082
2015-04-08,1.3008
2015-04-09,1.2993
2015-04-10,1.3006
2015-04-11,1.3006
2015-04-12,1.3031
2015-04-13,1.3178
2015-04-14,1.3125
2015-04-15,1.3024
2015-04-16,1.2837
2015-04-17,1.2833
2015-04-19,1.2826
2015-04-20,1.2948
2015-04-21,1.2958
2015-04-22,1.2908
2015-04-23,1.2858
2015-04-24,1.2763
2015-04-25,1.2763
2015-04-26,1.2778
2015-04-27,1.273
2015-04-28,1.247
2015-04-29,1.2502
2015-04-30,1.2659
2015-05-01,1.2719
2015-05-03,1.277
2015-05-04,1.2753
2015-05-05,1.2608
2015-05-06,1.2547
2015-05-07,1.2645
2015-05-08,1.2584
2015-05-09,1.2597
2015-05-10,1.262
2015-05-11,1.2678
2015-05-12,1.2527
2015-05-13,1.2311
2015-05-14,1.2374
2015-05-15,1.2425
2015-05-16,1.2442
2015-05-17,1.244
2015-05-18,1.251
2015-05-19,1.2626
2015-05-20,1.2698
2015-05-21,1.2663
2015-05-22,1.2756
2015-05-23,1.2768
2015-05-24,1.2779
2015-05-25,1.2773
2015-05-26,1.2911
2015-05-27,1.2931
2015-05-28,1.3057
2015-05-29,1.3055
2015-05-30,1.3082
2015-05-31,1.3087
2015-06-01,1.3134
2015-06-02,1.2871
2015-06-03,1.2863
2015-06-04,1.3023
2015-06-05,1.3098
2015-06-06,1.3101
2015-06-07,1.3116
2015-06-08,1.3011
2015-06-09,1.3003
2015-06-10,1.2923
2015-06-11,1.2901
2015-06-12,1.2912
2015-06-14,1.2933
2015-06-15,1.2878
2015-06-16,1.2898
2015-06-17,1.2925
2015-06-18,1.2811
2015-06-19,1.285
2015-06-20,1.2863
2015-06-21,1.2868
2015-06-22,1.2944
2015-06-23,1.2923
2015-06-24,1.2979
2015-06-25,1.2923
2015-06-26,1.3058
2015-06-27,1.3053
2015-06-28,1.3125
2015-06-29,1.3032
2015-06-30,1.2997
2015-07-01,1.3091
2015-07-02,1.3093
2015-07-03,1.3283
2015-07-04,1.3309
2015-07-05,1.3351
2015-07-06,1.3346
2015-07-07,1.3423
2015-07-08,1.3455
2015-07-09,1.3409
2015-07-10,1.3413
2015-07-12,1.3463
2015-07-13,1.3516
2015-07-14,1.3418
2015-07-15,1.3544
2015-07-16,1.349
2015-07-17,1.3549
2015-07-18,1.3549
2015-07-19,1.3553
2015-07-20,1.3561
2015-07-21,1.3464
2015-07-22,1.3543
2015-07-23,1.3586
2015-07-24,1.3715
2015-07-25,1.3736
2015-07-26,1.3739
2015-07-27,1.3742
2015-07-28,1.3619
2015-07-29,1.3692
2015-07-30,1.372
2015-07-31,1.3678
2015-08-01,1.3684
2015-08-02,1.3674
2015-08-03,1.3746
2015-08-04,1.3551
2015-08-05,1.3597
2015-08-06,1.3616
2015-08-07,1.346
2015-08-08,1.3474
2015-08-09,1.3486
2015-08-10,1.3488
2015-08-11,1.3666
2015-08-12,1.3547
2015-08-13,1.3569
2015-08-14,1.3546
2015-08-15,1.356
2015-08-16,1.3557
2015-08-17,1.3559
2015-08-18,1.3631
2015-08-19,1.3606
2015-08-20,1.3627
2015-08-21,1.3626
2015-08-22,1.3652
2015-08-23,1.3751
2015-08-24,1.3993
2015-08-25,1.4024
2015-08-26,1.404
2015-08-27,1.3935
2015-08-28,1.3925
2015-08-29,1.3925
2015-08-30,1.4007
2015-08-31,1.4056
2015-09-01,1.4246
2015-09-02,1.4187
2015-09-03,1.4244
2015-09-04,1.4453
2015-09-05,1.4473
2015-09-06,1.4449
2015-09-07,1.4413
2015-09-08,1.422
2015-09-09,1.4328
2015-09-10,1.4122
2015-09-11,1.4081
2015-09-12,1.4081
2015-09-13,1.4113
2015-09-14,1.4005
2015-09-15,1.4017
2015-09-16,1.3895
2015-09-17,1.3933
2015-09-18,1.3906
2015-09-19,1.3903
2015-09-20,1.3903
2015-09-21,1.4022
2015-09-22,1.4133
2015-09-23,1.4292
2015-09-24,1.4255
2015-09-25,1.421
2015-09-26,1.4233
2015-09-27,1.4248
2015-09-28,1.4326
2015-09-29,1.4289
2015-09-30,1.4283
2015-10-01,1.4212
2015-10-02,1.4159
2015-10-04,1.4182
2015-10-05,1.4123
2015-10-06,1.3965
2015-10-07,1.3878
2015-10-08,1.3786
2015-10-09,1.3616
2015-10-10,1.3625
2015-10-11,1.3672
2015-10-12,1.3593
2015-10-13,1.3862
2015-10-14,1.3695
2015-10-15,1.3649
2015-10-16,1.374
2015-10-18,1.3767
2015-10-19,1.3798
2015-10-20,1.3769
2015-10-21,1.3861
2015-10-22,1.3853
2015-10-23,1.3832
2015-10-24,1.3843
2015-10-25,1.385
2015-10-26,1.3804
2015-10-27,1.3899
2015-10-28,1.4076
2015-10-29,1.4123
2015-10-30,1.3992
2015-11-01,1.4019
2015-11-02,1.3997
2015-11-03,1.3923
2015-11-04,1.4002
2015-11-05,1.3992
2015-11-06,1.4172
2015-11-07,1.4181
2015-11-08,1.422
2015-11-09,1.4195
2015-11-10,1.4229
2015-11-11,1.4137
2015-11-12,1.4037
2015-11-13,1.4001
2015-11-14,1.4003
2015-11-15,1.4051
2015-11-16,1.4096
2015-11-17,1.4065
2015-11-18,1.4073
2015-11-19,1.3909
2015-11-20,1.3797
2015-11-21,1.3797
2015-11-22,1.3832
2015-11-23,1.3893
2015-11-24,1.3767
2015-11-25,1.3781
2015-11-26,1.3854
2015-11-27,1.3879
2015-11-28,1.3884
2015-11-29,1.3905
2015-11-30,1.3832
2015-12-01,1.3653
2015-12-02,1.3697
2015-12-03,1.364
2015-12-04,1.3616
2015-12-05,1.3604
2015-12-06,1.3632
2015-12-07,1.3774
2015-12-08,1.385
2015-12-09,1.3833
2015-12-10,1.3771
2015-12-11,1.3891
2015-12-12,1.3896
2015-12-13,1.3916
2015-12-14,1.3798
2015-12-15,1.3884
2015-12-16,1.3879
2015-12-17,1.4049
2015-12-18,1.3916
2015-12-19,1.3917
2015-12-20,1.3942
2015-12-21,1.3918
2015-12-22,1.3831
2015-12-23,1.3831
2015-12-24,1.3752
2015-12-25,1.3731
2015-12-27,1.3739
2015-12-28,1.3787
2015-12-29,1.372
2015-12-30,1.3744
2015-12-31,1.3676
2016-01-01,1.3673
2016-01-02,1.3714
2016-01-03,1.3705
2016-01-04,1.3925
2016-01-05,1.3965
2016-01-06,1.4151
2016-01-07,1.4248
2016-01-08,1.4364
2016-01-09,1.4364
2016-01-10,1.4418
2016-01-11,1.4297
2016-01-12,1.4334
2016-01-13,1.4375
2016-01-14,1.4314
2016-01-15,1.4553
2016-01-16,1.4558
2016-01-17,1.4586
2016-01-18,1.4539
2016-01-19,1.4468
2016-01-20,1.4453
2016-01-21,1.4278
2016-01-22,1.426
2016-01-23,1.426
2016-01-24,1.4278
2016-01-25,1.4396
2016-01-26,1.4296
2016-01-27,1.4231
2016-01-28,1.4109
2016-01-29,1.4096
2016-01-30,1.4096
2016-01-31,1.4151
2016-02-01,1.4071
2016-02-02,1.4231
2016-02-03,1.3965
2016-02-04,1.39
2016-02-05,1.4127
2016-02-07,1.413
2016-02-08,1.4115
2016-02-09,1.4135
2016-02-10,1.4078
2016-02-11,1.4035
2016-02-12,1.4057
2016-02-13,1.4054
2016-02-14,1.4066
2016-02-15,1.401
2016-02-16,1.4058
2016-02-17,1.3937
2016-02-18,1.3979
2016-02-19,1.3967
2016-02-20,1.3969
2016-02-21,1.4002
2016-02-22,1.3833
2016-02-23,1.3913
2016-02-24,1.3907
2016-02-25,1.3843
2016-02-26,1.4009
2016-02-27,1.4009
2016-02-28,1.4039
2016-02-29,1.3983
2016-03-01,1.3925
2016-03-02,1.3724
2016-03-03,1.361
2016-03-04,1.342
2016-03-05,1.3426
2016-03-06,1.3473
2016-03-07,1.3395
2016-03-08,1.3467
2016-03-09,1.3378
2016-03-10,1.3416
2016-03-11,1.3196
2016-03-12,1.3204
2016-03-13,1.3244
2016-03-14,1.3306
2016-03-15,1.3396
2016-03-16,1.3256
2016-03-17,1.3083
2016-03-18,1.3146
2016-03-19,1.3146
2016-03-20,1.3168
2016-03-21,1.3188
2016-03-22,1.3132
2016-03-23,1.3276
2016-03-24,1.3288
2016-03-25,1.3303
2016-03-26,1.3303
2016-03-27,1.3318
2016-03-28,1.3249
2016-03-29,1.3105
2016-03-30,1.3042
2016-03-31,1.3039
2016-04-01,1.2999
2016-04-03,1.3032
2016-04-04,1.315
2016-04-05,1.3253
2016-04-06,1.3154
2016-04-07,1.332
2016-04-08,1.3222
2016-04-10,1.3221
2016-04-11,1.3167
2016-04-12,1.3015
2016-04-13,1.3071
2016-04-14,1.2978
2016-04-15,1.2956
2016-04-16,1.2933
2016-04-18,1.2895
2016-04-19,1.281
2016-04-20,1.2828
2016-04-21,1.2916
2016-04-22,1.295
2016-04-24,1.2969
2016-04-25,1.296
2016-04-26,1.2909
2016-04-27,1.3152
2016-04-28,1.3109
2016-04-29,1.3133
2016-04-30,1.3133
2016-05-01,1.3142
2016-05-02,1.3038
2016-05-03,1.3338
2016-05-04,1.3396
2016-05-05,1.3387
2016-05-06,1.3555
2016-05-08,1.3561
2016-05-09,1.3666
2016-05-10,1.3566
2016-05-11,1.3573
2016-05-12,1.3656
2016-05-13,1.373
2016-05-15,1.3774
2016-05-16,1.3718
2016-05-17,1.3657
2016-05-18,1.3822
2016-05-19,1.3832
2016-05-20,1.3836
2016-05-22,1.3836
2016-05-23,1.3841
2016-05-24,1.3894
2016-05-25,1.3905
2016-05-26,1.3841
2016-05-27,1.3899
2016-05-29,1.3919
2016-05-30,1.3909
2016-05-31,1.3816
2016-06-01,1.3784
2016-06-02,1.3844
2016-06-03,1.3562
2016-06-05,1.3599
2016-06-06,1.3566
2016-06-07,1.3419
2016-06-08,1.3355
2016-06-09,1.345
2016-06-10,1.3535
2016-06-12,1.3557
2016-06-13,1.3544
2016-06-14,1.3602
2016-06-15,1.3487
2016-06-16,1.3571
2016-06-17,1.35
2016-06-19,1.3466
2016-06-20,1.3414
2016-06-21,1.3412
2016-06-22,1.3296
2016-06-23,1.3177
2016-06-24,1.3357
2016-06-26,1.3451
2016-06-27,1.3621
2016-06-28,1.3523
2016-06-29,1.3423
2016-06-30,1.3424
2016-07-01,1.3316
2016-07-02,1.3316
2016-07-03,1.3394
2016-07-04,1.3272
2016-07-05,1.3427
2016-07-06,1.3308
2016-07-07,1.3363
2016-07-08,1.3192
2016-07-10,1.3217
2016-07-11,1.3263
2016-07-12,1.3123
2016-07-13,1.3156
2016-07-14,1.3104
2016-07-15,1.3187
2016-07-17,1.3163
2016-07-18,1.319
2016-07-19,1.3306
2016-07-20,1.3394
2016-07-21,1.3337
2016-07-22,1.3383
2016-07-24,1.3393
2016-07-25,1.3377
2016-07-26,1.3301
2016-07-27,1.3354
2016-07-28,1.3315
2016-07-29,1.3143
2016-07-31,1.3161
2016-08-01,1.3285
2016-08-02,1.3146
2016-08-03,1.3176
2016-08-04,1.311
2016-08-05,1.3113
2016-08-07,1.3144
2016-08-08,1.3062
2016-08-09,1.3039
2016-08-10,1.296
2016-08-11,1.2984
2016-08-12,1.3067
2016-08-14,1.3056
2016-08-15,1.3021
2016-08-16,1.2989
2016-08-17,1.3053
2016-08-18,1.3016
2016-08-19,1.3095
2016-08-20,1.3118
2016-08-21,1.3123
2016-08-22,1.3099
2016-08-23,1.3132
2016-08-24,1.3133
2016-08-25,1.3115
2016-08-26,1.3207
2016-08-28,1.3238
2016-08-29,1.32
2016-08-30,1.3304
2016-08-31,1.3295
2016-09-01,1.3237
2016-09-02,1.3187
2016-09-04,1.3205
2016-09-05,1.3182
2016-09-06,1.3026
2016-09-07,1.3026
2016-09-08,1.3075
2016-09-09,1.3241
2016-09-11,1.3268
2016-09-12,1.3224
2016-09-13,1.3403
2016-09-14,1.3385
2016-09-15,1.3303
2016-09-16,1.3332
2016-09-18,1.3344
2016-09-19,1.3263
2016-09-20,1.3231
2016-09-21,1.3094
2016-09-22,1.3073
2016-09-23,1.3095
2016-09-25,1.3129
2016-09-26,1.3097
2016-09-27,1.3039
2016-09-28,1.2998
2016-09-29,1.3093
2016-09-30,1.3041
2016-10-02,1.3062
2016-10-03,1.3003
2016-10-04,1.313
2016-10-05,1.3138
2016-10-06,1.319
2016-10-07,1.316
2016-10-09,1.316
2016-10-10,1.3149
2016-10-11,1.324
2016-10-12,1.3233
2016-10-13,1.3216
2016-10-14,1.311
2016-10-16,1.3144
2016-10-17,1.3106
2016-10-18,1.3036
2016-10-19,1.2946
2016-10-20,1.3109
2016-10-21,1.3128
2016-10-23,1.3151
2016-10-24,1.3154
2016-10-25,1.3083
2016-10-26,1.3081
2016-10-27,1.318
2016-10-28,1.3154
2016-10-29,1.3154
2016-10-30,1.3175
2016-10-31,1.3138
2016-11-01,1.3064
2016-11-02,1.3059
2016-11-03,1.302
2016-11-04,1.3021
2016-11-06,1.3038
2016-11-07,1.2953
2016-11-08,1.2917
2016-11-09,1.3078
2016-11-10,1.313
2016-11-11,1.3236
2016-11-12,1.3236
2016-11-13,1.3242
2016-11-14,1.3218
2016-11-15,1.3239
2016-11-16,1.3343
2016-11-17,1.3502
2016-11-18,1.3612
2016-11-19,1.3613
2016-11-20,1.3639
2016-11-21,1.3571
2016-11-22,1.3506
2016-11-23,1.3542
2016-11-24,1.3503
2016-11-25,1.3429
2016-11-26,1.3421
2016-11-27,1.3438
2016-11-28,1.3351
2016-11-29,1.3355
2016-11-30,1.3532
2016-12-01,1.3482
2016-12-02,1.3388
2016-12-03,1.3391
2016-12-04,1.3477
2016-12-05,1.3382
2016-12-06,1.3404
2016-12-07,1.3362
2016-12-08,1.3425
2016-12-09,1.3405
2016-12-10,1.3408
2016-12-11,1.3442
2016-12-12,1.3335
2016-12-13,1.3343
2016-12-14,1.3515
2016-12-15,1.3581
2016-12-16,1.3673
2016-12-17,1.3672
2016-12-18,1.3736
2016-12-19,1.3796
2016-12-20,1.3763
2016-12-21,1.3832
2016-12-22,1.3859
2016-12-23,1.3926
2016-12-24,1.3924
2016-12-25,1.3955
2016-12-26,1.3912
2016-12-27,1.3915
2016-12-28,1.3922
2016-12-29,1.3853
2016-12-30,1.3866
2016-12-31,1.3862
2017-01-01,1.3856
2017-01-02,1.3892
2017-01-03,1.3847
2017-01-04,1.3744
2017-01-05,1.3625
2017-01-06,1.3684
2017-01-07,1.3684
2017-01-08,1.371
2017-01-09,1.3584
2017-01-10,1.3579
2017-01-11,1.3439
2017-01-12,1.3364
2017-01-13,1.3313
2017-01-14,1.3317
2017-01-15,1.3357
2017-01-16,1.338
2017-01-17,1.3229
2017-01-18,1.3309
2017-01-19,1.3235
2017-01-20,1.3215
2017-01-22,1.3228
2017-01-23,1.3156
2017-01-24,1.3181
2017-01-25,1.3203
2017-01-26,1.3281
2017-01-27,1.3229
2017-01-28,1.3232
2017-01-29,1.3225
2017-01-30,1.3229
2017-01-31,1.3191
2017-02-01,1.319
2017-02-02,1.3059
2017-02-03,1.2997
2017-02-04,1.2997
2017-02-05,1.3025
2017-02-06,1.3061
2017-02-07,1.3112
2017-02-08,1.3088
2017-02-09,1.3117
2017-02-10,1.3006
2017-02-11,1.3011
2017-02-12,1.3045
2017-02-13,1.3087
2017-02-14,1.303
2017-02-15,1.2966
2017-02-16,1.2997
2017-02-17,1.3023
2017-02-18,1.3023
2017-02-19,1.303
2017-02-20,1.3009
2017-02-21,1.3034
2017-02-22,1.2987
2017-02-23,1.2957
2017-02-24,1.3023
2017-02-25,1.3013
2017-02-26,1.303
2017-02-27,1.3029
2017-02-28,1.3068
2017-03-01,1.3015
2017-03-02,1.3203
2017-03-03,1.3146
2017-03-04,1.3149
2017-03-05,1.318
2017-03-06,1.3193
2017-03-07,1.3177
2017-03-08,1.3291
2017-03-09,1.3331
2017-03-10,1.324
2017-03-11,1.3236
2017-03-12,1.3265
2017-03-13,1.3216
2017-03-14,1.3227
2017-03-15,1.2982
2017-03-16,1.3031
2017-03-17,1.296
2017-03-18,1.296
2017-03-19,1.2982
2017-03-20,1.2937
2017-03-21,1.3018
2017-03-22,1.3034
2017-03-23,1.3105
2017-03-24,1.31
2017-03-26,1.3105
2017-03-27,1.3121
2017-03-28,1.3095
2017-03-29,1.3044
2017-03-30,1.3081
2017-03-31,1.3088
2017-04-02,1.3091
2017-04-03,1.3149
2017-04-04,1.3213
2017-04-05,1.3206
2017-04-06,1.326
2017-04-07,1.3316
2017-04-09,1.3326
2017-04-10,1.3313
2017-04-11,1.3327
2017-04-12,1.3278
2017-04-13,1.3209
2017-04-14,1.3183
2017-04-16,1.319
2017-04-17,1.3179
2017-04-18,1.3234
2017-04-19,1.3331
2017-04-20,1.3285
2017-04-21,1.3238
2017-04-23,1.3227
2017-04-24,1.3209
2017-04-25,1.3258
2017-04-26,1.3373
2017-04-27,1.3388
2017-04-28,1.3336
2017-04-30,1.3364
2017-05-01,1.3282
2017-05-02,1.3261
2017-05-03,1.3462
2017-05-04,1.3492
2017-05-05,1.3464
2017-05-06,1.3464
2017-05-07,1.3485
2017-05-08,1.3538
2017-05-09,1.3606
2017-05-10,1.359
2017-05-11,1.356
2017-05-12,1.3526
2017-05-14,1.3534
2017-05-15,1.3476
2017-05-16,1.3458
2017-05-17,1.3448
2017-05-18,1.3484
2017-05-19,1.3401
2017-05-21,1.3409
2017-05-22,1.3382
2017-05-23,1.3373
2017-05-24,1.3332
2017-05-25,1.3412
2017-05-26,1.3406
2017-05-28,1.3436
2017-05-29,1.344
2017-05-30,1.3402
2017-05-31,1.3467
2017-06-01,1.3547
2017-06-02,1.3436
2017-06-04,1.3447
2017-06-05,1.3355
2017-06-06,1.3309
2017-06-07,1.3248
2017-06-08,1.3264
2017-06-09,1.3243
2017-06-11,1.3279
2017-06-12,1.3253
2017-06-13,1.3268
2017-06-14,1.3168
2017-06-15,1.318
2017-06-16,1.3108
2017-06-17,1.3108
2017-06-18,1.3119
2017-06-19,1.3161
2017-06-20,1.319
2017-06-21,1.3239
2017-06-22,1.3261
2017-06-23,1.3171
2017-06-25,1.322
2017-06-26,1.3189
2017-06-27,1.3178
2017-06-28,1.3092
2017-06-29,1.3017
2017-06-30,1.2986
2017-07-02,1.2999
2017-07-03,1.3053
2017-07-04,1.3142
2017-07-05,1.3144
2017-07-06,1.3186
2017-07-07,1.3129
2017-07-08,1.3129
2017-07-09,1.3156
2017-07-10,1.3147
2017-07-11,1.3091
2017-07-12,1.3022
2017-07-13,1.2931
2017-07-14,1.2747
2017-07-16,1.2782
2017-07-17,1.2829
2017-07-18,1.2636
2017-07-19,1.2567
2017-07-20,1.2573
2017-07-21,1.2618
2017-07-23,1.2632
2017-07-24,1.2618
2017-07-25,1.2594
2017-07-26,1.2498
2017-07-27,1.2543
2017-07-28,1.2503
2017-07-30,1.2515
2017-07-31,1.25
2017-08-01,1.256
2017-08-02,1.2553
2017-08-03,1.2569
2017-08-04,1.2605
2017-08-06,1.2603
2017-08-07,1.2644
2017-08-08,1.2638
2017-08-09,1.2669
2017-08-10,1.2714
2017-08-11,1.2649
2017-08-12,1.2649
2017-08-13,1.2672
2017-08-14,1.2727
2017-08-15,1.2783
2017-08-16,1.2618
2017-08-17,1.2678
2017-08-18,1.2598
2017-08-19,1.2598
2017-08-20,1.261
2017-08-21,1.2597
2017-08-22,1.2637
2017-08-23,1.2642
2017-08-24,1.2651
2017-08-25,1.2588
2017-08-27,1.2582
2017-08-28,1.2627
2017-08-29,1.2568
2017-08-30,1.2645
2017-08-31,1.2592
2017-09-01,1.2532
2017-09-03,1.2561
2017-09-04,1.258
2017-09-05,1.2493
2017-09-06,1.2481
2017-09-07,1.243
2017-09-08,1.2399
2017-09-10,1.2417
2017-09-11,1.2448
2017-09-12,1.2469
2017-09-13,1.2523
2017-09-14,1.2499
2017-09-15,1.2478
2017-09-17,1.25
2017-09-18,1.2555
2017-09-19,1.2488
2017-09-20,1.2451
2017-09-21,1.2613
2017-09-22,1.2543
2017-09-23,1.2543
2017-09-24,1.2566
2017-09-25,1.2595
2017-09-26,1.2682
2017-09-27,1.2735
2017-09-28,1.2735
2017-09-29,1.2745
2017-10-01,1.2747
2017-10-02,1.2765
2017-10-03,1.2763
2017-10-04,1.272
2017-10-05,1.2833
2017-10-06,1.2851
2017-10-08,1.2865
2017-10-09,1.29
2017-10-10,1.2851
2017-10-11,1.2828
2017-10-12,1.2777
2017-10-13,1.2654
2017-10-15,1.2692
2017-10-16,1.274
2017-10-17,1.2749
2017-10-18,1.2745
2017-10-19,1.2691
2017-10-20,1.2778
2017-10-22,1.2796
2017-10-23,1.2805
2017-10-24,1.2858
2017-10-25,1.298
2017-10-26,1.3058
2017-10-27,1.301
2017-10-29,1.304
2017-10-30,1.3012
2017-10-31,1.3062
2017-11-01,1.3027
2017-11-02,1.2964
2017-11-03,1.3054
2017-11-05,1.3067
2017-11-06,1.3008
2017-11-07,1.307
2017-11-08,1.3022
2017-11-09,1.3025
2017-11-10,1.3051
2017-11-11,1.3036
2017-11-12,1.3073
2017-11-13,1.313
2017-11-14,1.3105
2017-11-15,1.3182
2017-11-16,1.3184
2017-11-17,1.3199
2017-11-18,1.3199
2017-11-19,1.3234
2017-11-20,1.3249
2017-11-21,1.3199
2017-11-22,1.3131
2017-11-23,1.3113
2017-11-24,1.3115
2017-11-25,1.3114
2017-11-26,1.3139
2017-11-27,1.3153
2017-11-28,1.3154
2017-11-29,1.3209
2017-11-30,1.3232
2017-12-01,1.3119
2017-12-03,1.3168
2017-12-04,1.3155
2017-12-05,1.3145
2017-12-06,1.3221
2017-12-07,1.3309
2017-12-08,1.3299
2017-12-09,1.3304
2017-12-10,1.3311
2017-12-11,1.3283
2017-12-12,1.3237
2017-12-13,1.3103
2017-12-14,1.3057
2017-12-15,1.3062
2017-12-16,1.3062
2017-12-17,1.3071
2017-12-18,1.3043
2017-12-19,1.3052
2017-12-20,1.3041
2017-12-21,1.2983
2017-12-22,1.294
2017-12-23,1.294
2017-12-24,1.2955
2017-12-25,1.2953
2017-12-26,1.2942
2017-12-27,1.2872
2017-12-28,1.2827
2017-12-29,1.2792
2017-12-31,1.2809
2018-01-01,1.2794
2018-01-02,1.2774
2018-01-03,1.2775
2018-01-04,1.2717
2018-01-05,1.2698
2018-01-06,1.2699
2018-01-07,1.2707
2018-01-08,1.2755
2018-01-09,1.2783
2018-01-10,1.2748
2018-01-11,1.2669
2018-01-12,1.2615
2018-01-14,1.2636
2018-01-15,1.2554
2018-01-16,1.2566
2018-01-17,1.257
2018-01-18,1.2499
2018-01-19,1.249
2018-01-20,1.2493
2018-01-21,1.2503
2018-01-22,1.2479
2018-01-23,1.2505
2018-01-24,1.2402
2018-01-25,1.2488
2018-01-26,1.2314
2018-01-27,1.2314
2018-01-28,1.2336
2018-01-29,1.2358
2018-01-30,1.2365
2018-01-31,1.2408
2018-02-01,1.2444
2018-02-02,1.2597
2018-02-03,1.2597
2018-02-04,1.265
2018-02-05,1.269
2018-02-06,1.2646
2018-02-07,1.2798
2018-02-08,1.2867
2018-02-09,1.2791
2018-02-11,1.2793
2018-02-12,1.272
2018-02-13,1.273
2018-02-14,1.2624
2018-02-15,1.259
2018-02-16,1.2617
2018-02-17,1.2618
2018-02-18,1.2643
2018-02-19,1.2632
2018-02-20,1.2689
2018-02-21,1.282
2018-02-22,1.2752
2018-02-23,1.2737
2018-02-24,1.2743
2018-02-25,1.2748
2018-02-26,1.2738
2018-02-27,1.2827
2018-02-28,1.2885
2018-03-01,1.2875
2018-03-02,1.2877
2018-03-04,1.2879
2018-03-05,1.2882
2018-03-06,1.2804
2018-03-07,1.2792
2018-03-08,1.284
2018-03-09,1.2738
2018-03-10,1.273
2018-03-11,1.2729
2018-03-12,1.2707
2018-03-13,1.2728
2018-03-14,1.2696
2018-03-15,1.2832
2018-03-16,1.2954
2018-03-18,1.2964
2018-03-19,1.2971
2018-03-20,1.3008
2018-03-21,1.2875
2018-03-22,1.2986
2018-03-23,1.2985
2018-03-25,1.2974
2018-03-26,1.2908
2018-03-27,1.3018
2018-03-28,1.3062
2018-03-29,1.3018
2018-03-30,1.3016
2018-04-01,1.3008
2018-04-02,1.3056
2018-04-03,1.301
2018-04-04,1.2944
2018-04-05,1.3041
2018-04-06,1.3029
2018-04-08,1.3023
2018-04-09,1.2991
2018-04-10,1.2874
2018-04-11,1.2884
2018-04-12,1.2891
2018-04-13,1.2873
2018-04-15,1.2855
2018-04-16,1.285
2018-04-17,1.2868
2018-04-18,1.2839
2018-04-19,1.294
2018-04-20,1.3036
2018-04-22,1.3037
2018-04-23,1.3146
2018-04-24,1.3152
2018-04-25,1.3211
2018-04-26,1.3235
2018-04-27,1.3187
2018-04-29,1.3198
2018-04-30,1.328
2018-05-01,1.3355
2018-05-02,1.3347
2018-05-03,1.3275
2018-05-04,1.3259
2018-05-06,1.3273
2018-05-07,1.3309
2018-05-08,1.3424
2018-05-09,1.3401
2018-05-10,1.3275
2018-05-11,1.3251
2018-05-13,1.325
2018-05-14,1.3285
2018-05-15,1.339
2018-05-16,1.3294
2018-05-17,1.3308
2018-05-18,1.331
2018-05-20,1.329
2018-05-21,1.3179
2018-05-22,1.3193
2018-05-23,1.3217
2018-05-24,1.3191
2018-05-25,1.3232
2018-05-27,1.3229
2018-05-28,1.3246
2018-05-29,1.3332
2018-05-30,1.3202
2018-05-31,1.3202
2018-06-01,1.3209
2018-06-03,1.322
2018-06-04,1.3066
2018-06-05,1.3122
2018-06-06,1.3037
2018-06-07,1.3115
2018-06-08,1.3151
2018-06-09,1.3151
2018-06-10,1.3167
2018-06-11,1.3141
2018-06-12,1.3202
2018-06-13,1.3197
2018-06-14,1.3373
2018-06-15,1.3436
2018-06-17,1.3443
2018-06-18,1.3471
2018-06-19,1.3548
2018-06-20,1.3563
2018-06-21,1.3549
2018-06-22,1.3431
2018-06-24,1.3441
2018-06-25,1.3484
2018-06-26,1.3528
2018-06-27,1.3618
2018-06-28,1.3604
2018-06-29,1.3502
2018-07-01,1.3511
2018-07-02,1.3625
2018-07-03,1.3538
2018-07-04,1.354
2018-07-05,1.3535
2018-07-06,1.3452
2018-07-08,1.3454
2018-07-09,1.3393
2018-07-10,1.3464
2018-07-11,1.3576
2018-07-12,1.3506
2018-07-13,1.3464
2018-07-15,1.3472
2018-07-16,1.3477
2018-07-17,1.3545
2018-07-18,1.3516
2018-07-19,1.3593
2018-07-20,1.3464
2018-07-22,1.3455
2018-07-23,1.3545
2018-07-24,1.3469
2018-07-25,1.3422
2018-07-26,1.3551
2018-07-27,1.3501
2018-07-28,1.3501
2018-07-29,1.3509
2018-07-30,1.349
2018-07-31,1.3488
2018-08-01,1.3501
2018-08-02,1.3578
2018-08-03,1.351
2018-08-05,1.3522
2018-08-06,1.3537
2018-08-07,1.3478
2018-08-08,1.3456
2018-08-09,1.3569
2018-08-10,1.3689
2018-08-12,1.3713
2018-08-13,1.3748
2018-08-14,1.3809
2018-08-15,1.3812
2018-08-16,1.377
2018-08-17,1.3659
2018-08-19,1.3674
2018-08-20,1.3612
2018-08-21,1.3585
2018-08-22,1.3602
2018-08-23,1.3799
2018-08-24,1.364
2018-08-26,1.3635
2018-08-27,1.3605
2018-08-28,1.3627
2018-08-29,1.3683
2018-08-30,1.3768
2018-08-31,1.3898
2018-09-02,1.3911
2018-09-03,1.3864
2018-09-04,1.3926
2018-09-05,1.3901
2018-09-06,1.3888
2018-09-07,1.4066
2018-09-09,1.4066
2018-09-10,1.4056
2018-09-11,1.4046
2018-09-12,1.3944
2018-09-13,1.3903
2018-09-14,1.3976
2018-09-16,1.3984
2018-09-17,1.3978
2018-09-18,1.3833
2018-09-19,1.3774
2018-09-20,1.3718
2018-09-21,1.371
2018-09-22,1.3715
2018-09-23,1.3752
2018-09-24,1.3784
2018-09-25,1.3794
2018-09-26,1.3771
2018-09-27,1.3877
2018-09-28,1.3839
2018-09-30,1.383
2018-10-01,1.3841
2018-10-02,1.3911
2018-10-03,1.4073
2018-10-04,1.4125
2018-10-05,1.4173
2018-10-07,1.4175
2018-10-08,1.4134
2018-10-09,1.407
2018-10-10,1.415
2018-10-11,1.4036
2018-10-12,1.4052
2018-10-14,1.4066
2018-10-15,1.4006
2018-10-16,1.4003
2018-10-17,1.4071
2018-10-18,1.4085
2018-10-19,1.4043
2018-10-21,1.4056
2018-10-22,1.4126
2018-10-23,1.412
2018-10-24,1.4152
2018-10-25,1.4123
2018-10-26,1.4102
2018-10-28,1.4086
2018-10-29,1.4166
2018-10-30,1.4086
2018-10-31,1.4123
2018-11-01,1.3888
2018-11-02,1.3883
2018-11-04,1.3903
2018-11-05,1.3861
2018-11-06,1.3818
2018-11-07,1.3748
2018-11-08,1.3777
2018-11-09,1.3835
2018-11-11,1.3856
2018-11-12,1.394
2018-11-13,1.3849
2018-11-14,1.3823
2018-11-15,1.3742
2018-11-16,1.3638
2018-11-18,1.3672
2018-11-19,1.3716
2018-11-20,1.3879
2018-11-21,1.3776
2018-11-22,1.3791
2018-11-23,1.3814
2018-11-25,1.3819
2018-11-26,1.3854
2018-11-27,1.3841
2018-11-28,1.3689
2018-11-29,1.3666
2018-11-30,1.3681
2018-12-02,1.3582
2018-12-03,1.3592
2018-12-04,1.3627
2018-12-05,1.3753
2018-12-06,1.383
2018-12-07,1.3883
2018-12-09,1.3911
2018-12-10,1.3902
2018-12-11,1.3885
2018-12-12,1.3859
2018-12-13,1.3845
2018-12-14,1.3918
2018-12-16,1.3934
2018-12-17,1.3936
2018-12-18,1.3925
2018-12-19,1.4048
2018-12-20,1.406
2018-12-21,1.4196
2018-12-23,1.4206
2018-12-24,1.4181
2018-12-25,1.4204
2018-12-26,1.4147
2018-12-27,1.4225
2018-12-28,1.4192
2018-12-30,1.4194
2018-12-31,1.4189
2019-01-01,1.4192
2019-01-02,1.4544
2019-01-03,1.4276
2019-01-04,1.4045
2019-01-06,1.4052
2019-01-07,1.3997
2019-01-08,1.4007
2019-01-09,1.3936
2019-01-10,1.3919
2019-01-11,1.3853
2019-01-13,1.3868
2019-01-14,1.3901
2019-01-15,1.3884
2019-01-16,1.3945
2019-01-17,1.391
2019-01-18,1.3946
2019-01-20,1.3961
2019-01-21,1.3972
2019-01-22,1.4037
2019-01-23,1.4001
2019-01-24,1.4106
2019-01-25,1.3923
2019-01-27,1.3925
2019-01-28,1.3964
2019-01-29,1.3982
2019-01-30,1.3805
2019-01-31,1.3751
2019-02-01,1.3783
2019-02-02,1.3783
2019-02-03,1.3792
2019-02-04,1.3849
2019-02-05,1.3818
2019-02-06,1.4068
2019-02-07,1.4086
2019-02-08,1.4098
2019-02-10,1.4098
2019-02-11,1.4163
2019-02-12,1.4094
2019-02-13,1.4104
2019-02-14,1.4076
2019-02-15,1.3996
2019-02-17,1.4008
2019-02-18,1.4032
2019-02-19,1.3961
2019-02-20,1.3952
2019-02-21,1.4099
2019-02-22,1.4025
2019-02-24,1.3987
2019-02-25,1.3943
2019-02-26,1.3899
2019-02-27,1.4003
2019-02-28,1.4087
2019-03-01,1.4127
2019-03-03,1.4085
2019-03-04,1.411
2019-03-05,1.4129
2019-03-06,1.4226
2019-03-07,1.4254
2019-03-08,1.4174
2019-03-10,1.4207
2019-03-11,1.4136
2019-03-12,1.4129
2019-03-13,1.4095
2019-03-14,1.4152
2019-03-15,1.4097
2019-03-17,1.412
2019-03-18,1.409
2019-03-19,1.4103
2019-03-20,1.403
2019-03-21,1.4059
2019-03-22,1.4106
2019-03-24,1.4129
2019-03-25,1.4063
2019-03-26,1.4009
2019-03-27,1.4111
2019-03-28,1.4126
2019-03-29,1.4086
2019-03-31,1.407
2019-04-01,1.4061
2019-04-02,1.4165
2019-04-03,1.4047
2019-04-04,1.4062
2019-04-05,1.4069
2019-04-07,1.407
2019-04-08,1.4042
2019-04-09,1.4034
2019-04-10,1.3946
2019-04-11,1.4037
2019-04-12,1.3937
2019-04-14,1.3939
2019-04-15,1.3945
2019-04-16,1.3963
2019-04-17,1.3936
2019-04-18,1.3982
2019-04-19,1.3976
2019-04-21,1.3984
2019-04-22,1.4006
2019-04-23,1.4092
2019-04-24,1.4254
2019-04-25,1.4245
2019-04-26,1.4202
2019-04-28,1.4196
2019-04-29,1.4168
2019-04-30,1.42
2019-05-01,1.4247
2019-05-02,1.4283
2019-05-03,1.4233
2019-05-05,1.4293
2019-05-06,1.4305
2019-05-07,1.4261
2019-05-08,1.4296
2019-05-09,1.4314
2019-05-10,1.4273
2019-05-12,1.4304
2019-05-13,1.4401
2019-05-14,1.4403
2019-05-15,1.4429
2019-05-16,1.4508
2019-05-17,1.4548
2019-05-19,1.451
2019-05-20,1.447
2019-05-21,1.4523
2019-05-22,1.453
2019-05-23,1.4492
2019-05-24,1.4438
2019-05-25,1.4438
2019-05-26,1.4427
2019-05-27,1.445
2019-05-28,1.4443
2019-05-29,1.4452
2019-05-30,1.4465
2019-05-31,1.4418
2019-06-02,1.4421
2019-06-03,1.4334
2019-06-04,1.4304
2019-06-05,1.4345
2019-06-06,1.433
2019-06-07,1.4282
2019-06-08,1.4282
2019-06-09,1.4294
2019-06-10,1.4364
2019-06-11,1.4365
2019-06-12,1.4425
2019-06-13,1.4459
2019-06-14,1.4544
2019-06-16,1.4543
2019-06-17,1.4588
2019-06-18,1.454
2019-06-19,1.4518
2019-06-20,1.4449
2019-06-21,1.443
2019-06-23,1.442
2019-06-24,1.4353
2019-06-25,1.4371
2019-06-26,1.4313
2019-06-27,1.4273
2019-06-28,1.4239
2019-06-30,1.4223
2019-07-01,1.4353
2019-07-02,1.4299
2019-07-03,1.4215
2019-07-04,1.4231
2019-07-05,1.4322
2019-07-07,1.4321
2019-07-08,1.4337
2019-07-09,1.4432
2019-07-10,1.4356
2019-07-11,1.4337
2019-07-12,1.4244
2019-07-14,1.4243
2019-07-15,1.4199
2019-07-16,1.4221
