date,CNYclose
2005-11-09,8.0867
2005-11-10,8.0846
2005-11-11,8.0847
2005-11-14,8.08
2005-11-15,8.0823
2005-11-16,8.08
2005-11-17,8.0845
2005-11-18,8.0832
2005-11-21,8.0833
2005-11-22,8.0839
2005-11-23,8.079
2005-11-24,8.0806
2005-11-25,8.0797
2005-11-28,8.0825
2005-11-29,8.078
2005-11-30,8.078
2005-12-01,8.0788
2005-12-02,8.0782
2005-12-06,8.078
2005-12-07,8.0771
2005-12-08,8.078
2005-12-09,8.076
2005-12-12,8.0749
2005-12-13,8.0753
2005-12-14,8.0746
2005-12-15,8.074
2005-12-16,8.0736
2005-12-19,8.073
2005-12-20,8.0728
2005-12-21,8.0759
2005-12-22,8.0758
2005-12-23,8.0758
2005-12-26,8.0738
2005-12-27,8.0724
2005-12-28,8.0715
2005-12-29,8.068
2005-12-30,8.0682
2006-01-02,8.0682
2006-01-03,8.0682
2006-01-04,8.067
2006-01-05,8.0637
2006-01-06,8.063
2006-01-10,8.062
2006-01-18,8.0695
2006-01-23,8.0634
2006-01-24,8.0622
2006-01-25,8.0628
2006-01-26,8.063
2006-01-27,8.0623
2006-01-30,8.062
2006-01-31,8.062
2006-02-01,8.062
2006-02-02,8.062
2006-02-03,8.062
2006-02-07,8.058
2006-02-08,8.0525
2006-02-09,8.0557
2006-02-13,8.0441
2006-02-14,8.045
2006-02-15,8.0481
2006-02-17,8.0465
2006-02-20,8.047
2006-02-21,8.0495
2006-02-22,8.0456
2006-02-23,8.0455
2006-02-24,8.0405
2006-02-27,8.0387
2006-02-28,8.0379
2006-03-01,8.0345
2006-03-02,8.0341
2006-03-03,8.0347
2006-03-06,8.0345
2006-03-07,8.0404
2006-03-08,8.0455
2006-03-09,8.0489
2006-03-10,8.05
2006-03-13,8.0485
2006-03-14,8.0473
2006-03-15,8.036
2006-03-16,8.0365
2006-03-17,8.0294
2006-03-20,8.029
2006-03-21,8.026
2006-03-22,8.0263
2006-03-23,8.0271
2006-03-24,8.0274
2006-03-27,8.0194
2006-03-28,8.0187
2006-03-29,8.0234
2006-03-30,8.0233
2006-03-31,8.0155
2006-04-03,8.0185
2006-04-04,8.0146
2006-04-05,8.0085
2006-04-06,8.0055
2006-04-07,8.0094
2006-04-10,8.0044
2006-04-11,8.0085
2006-04-12,8.0094
2006-04-13,8.016
2006-04-14,8.014
2006-04-17,8.0185
2006-04-18,8.0215
2006-04-19,8.011
2006-04-20,8.011
2006-04-21,8.0145
2006-04-24,8.0163
2006-04-25,8.0095
2006-04-26,8.0163
2006-04-27,8.0162
2006-04-28,8.0129
2006-05-08,8.0068
2006-05-09,8.0027
2006-05-10,8.0033
2006-05-11,8.0035
2006-05-12,8.0045
2006-05-15,8.0055
2006-05-16,8.0005
2006-05-17,7.9985
2006-05-18,8.0079
2006-05-19,8.0175
2006-05-22,8.0235
2006-05-23,8.0175
2006-05-24,8.0175
2006-05-25,8.0225
2006-05-26,8.0225
2006-05-29,8.0201
2006-05-30,8.03
2006-05-31,8.0215
2006-06-01,8.0184
2006-06-02,8.0205
2006-06-05,8.0057
2006-06-06,8.012
2006-06-07,8.016
2006-06-08,8.016
2006-06-09,8.0092
2006-06-12,8.015
2006-06-13,8.0205
2006-06-14,8.0
2006-06-15,8.0009
2006-06-16,7.9981
2006-06-19,8.0057
2006-06-20,8.0009
2006-06-21,7.9985
2006-06-22,7.9955
2006-06-23,7.9998
2006-06-26,8.0
2006-06-27,7.9968
2006-06-28,7.999
2006-06-29,7.995
2006-06-30,7.9925
2006-07-03,7.9982
2006-07-04,7.991
2006-07-05,7.9955
2006-07-06,7.9896
2006-07-07,7.9839
2006-07-10,7.9881
2006-07-11,7.9915
2006-07-12,7.99
2006-07-13,7.9924
2006-07-14,7.9978
2006-07-17,7.9975
2006-07-18,8.004
2006-07-19,8.001
2006-07-20,7.993
2006-07-21,7.9803
2006-07-24,7.9851
2006-07-25,7.9852
2006-07-26,7.982
2006-07-27,7.974
2006-07-28,7.971
2006-07-31,7.97
2006-08-01,7.973
2006-08-02,7.9703
2006-08-03,7.975
2006-08-04,7.9743
2006-08-07,7.968
2006-08-08,7.9712
2006-08-09,7.9745
2006-08-10,7.9708
2006-08-11,7.9759
2006-08-14,7.983
2006-08-15,8.0015
2006-08-16,7.9875
2006-08-17,7.979
2006-08-18,7.974
2006-08-21,7.966
2006-08-22,7.9684
2006-08-23,7.9687
2006-08-24,7.9694
2006-08-25,7.9763
2006-08-28,7.9694
2006-08-29,7.9622
2006-08-30,7.9585
2006-08-31,7.9533
2006-09-01,7.9532
2006-09-04,7.938
2006-09-05,7.939
2006-09-06,7.9443
2006-09-07,7.9465
2006-09-08,7.9513
2006-09-11,7.9527
2006-09-12,7.946
2006-09-13,7.9478
2006-09-14,7.9458
2006-09-15,7.9443
2006-09-18,7.9468
2006-09-19,7.9352
2006-09-20,7.9263
2006-09-21,7.924
2006-09-22,7.917
2006-09-25,7.921
2006-09-26,7.9173
2006-09-27,7.9046
2006-09-28,7.9046
2006-09-29,7.9086
2006-10-02,7.9073
2006-10-03,7.9073
2006-10-04,7.9073
2006-10-05,7.9073
2006-10-06,7.9073
2006-10-09,7.9008
2006-10-10,7.9052
2006-10-11,7.9162
2006-10-12,7.9143
2006-10-13,7.9015
2006-10-16,7.9098
2006-10-17,7.9075
2006-10-18,7.9046
2006-10-19,7.9082
2006-10-20,7.9046
2006-10-23,7.899
2006-10-24,7.9025
2006-10-25,7.902
2006-10-26,7.8948
2006-10-27,7.8895
2006-10-30,7.8775
2006-10-31,7.879
2006-11-01,7.8724
2006-11-02,7.8735
2006-11-03,7.8712
2006-11-06,7.8775
2006-11-07,7.8745
2006-11-08,7.8683
2006-11-09,7.8665
2006-11-10,7.8645
2006-11-13,7.8635
2006-11-14,7.8665
2006-11-15,7.8685
2006-11-16,7.8685
2006-11-17,7.872
2006-11-20,7.8696
2006-11-21,7.8695
2006-11-22,7.8641
2006-11-23,7.8611
2006-11-24,7.8551
2006-11-27,7.8425
2006-11-28,7.845
2006-11-29,7.8365
2006-11-30,7.8333
2006-12-01,7.8305
2006-12-04,7.8275
2006-12-05,7.8235
2006-12-06,7.8234
2006-12-07,7.8293
2006-12-08,7.825
2006-12-11,7.8293
2006-12-12,7.8305
2006-12-13,7.825
2006-12-14,7.8199
2006-12-15,7.8279
2006-12-18,7.8202
2006-12-19,7.8225
2006-12-20,7.8152
2006-12-21,7.816
2006-12-22,7.8165
2006-12-25,7.8214
2006-12-26,7.8207
2006-12-27,7.816
2006-12-28,7.8135
2006-12-29,7.8075
2007-01-03,7.816
2007-01-04,7.8055
2007-01-05,7.809
2007-01-08,7.8127
2007-01-09,7.8066
2007-01-10,7.8065
2007-01-11,7.7948
2007-01-12,7.7973
2007-01-15,7.7931
2007-01-16,7.7901
2007-01-17,7.775
2007-01-18,7.7705
2007-01-19,7.7765
2007-01-22,7.7739
2007-01-23,7.7765
2007-01-24,7.7724
2007-01-25,7.7682
2007-01-26,7.777
2007-01-29,7.774
2007-01-30,7.776
2007-01-31,7.7748
2007-02-01,7.7588
2007-02-02,7.756
2007-02-05,7.7585
2007-02-06,7.757
2007-02-07,7.748
2007-02-08,7.7488
2007-02-09,7.7505
2007-02-12,7.756
2007-02-13,7.76
2007-02-14,7.759
2007-02-15,7.7555
2007-02-16,7.7475
2007-02-19,7.7498
2007-02-20,7.7498
2007-02-21,7.7498
2007-02-22,7.7498
2007-02-23,7.7498
2007-02-26,7.748
2007-02-27,7.741
2007-02-28,7.738
2007-03-01,7.7432
2007-03-02,7.7447
2007-03-05,7.75
2007-03-06,7.7416
2007-03-07,7.74
2007-03-08,7.74
2007-03-09,7.744
2007-03-12,7.7473
2007-03-13,7.7469
2007-03-14,7.7415
2007-03-15,7.744
2007-03-16,7.7358
2007-03-19,7.7362
2007-03-20,7.7374
2007-03-21,7.735
2007-03-22,7.726
2007-03-23,7.7325
2007-03-26,7.7359
2007-03-27,7.7335
2007-03-28,7.7291
2007-03-29,7.7271
2007-03-30,7.7323
2007-04-02,7.7287
2007-04-03,7.7315
2007-04-04,7.7346
2007-04-05,7.7267
2007-04-06,7.721
2007-04-09,7.7335
2007-04-10,7.734
2007-04-11,7.7265
2007-04-12,7.726
2007-04-13,7.7217
2007-04-16,7.7279
2007-04-17,7.7333
2007-04-18,7.7226
2007-04-19,7.7165
2007-04-20,7.7179
2007-04-23,7.723
2007-04-24,7.7259
2007-04-25,7.719
2007-04-26,7.7264
2007-04-27,7.7216
2007-04-30,7.7055
2007-05-01,7.7055
2007-05-08,7.696
2007-05-09,7.6935
2007-05-10,7.6939
2007-05-11,7.6766
2007-05-14,7.681
2007-05-15,7.6835
2007-05-16,7.6817
2007-05-17,7.6705
2007-05-18,7.6685
2007-05-21,7.664
2007-05-22,7.6545
2007-05-23,7.653
2007-05-24,7.6519
2007-05-25,7.6523
2007-05-28,7.645
2007-05-29,7.6502
2007-05-30,7.646
2007-05-31,7.6475
2007-06-01,7.6463
2007-06-04,7.649
2007-06-05,7.6426
2007-06-06,7.635
2007-06-07,7.648
2007-06-08,7.655
2007-06-11,7.665
2007-06-12,7.6435
2007-06-13,7.632
2007-06-14,7.635
2007-06-15,7.625
2007-06-18,7.63
2007-06-19,7.6175
2007-06-20,7.6175
2007-06-21,7.619
2007-06-22,7.625
2007-06-25,7.6195
2007-06-26,7.616
2007-06-27,7.618
2007-06-28,7.615
2007-06-29,7.6135
2007-07-02,7.605
2007-07-03,7.6045
2007-07-04,7.6007
2007-07-05,7.6056
2007-07-06,7.6018
2007-07-09,7.6015
2007-07-10,7.581
2007-07-11,7.563
2007-07-12,7.565
2007-07-13,7.57
2007-07-16,7.5675
2007-07-17,7.562
2007-07-18,7.566
2007-07-19,7.563
2007-07-20,7.57
2007-07-23,7.562
2007-07-24,7.5625
2007-07-25,7.557
2007-07-26,7.564
2007-07-27,7.561
2007-07-30,7.567
2007-07-31,7.5725
2007-08-01,7.57
2007-08-02,7.572
2007-08-03,7.565
2007-08-06,7.561
2007-08-07,7.5703
2007-08-08,7.577
2007-08-09,7.5651
2007-08-10,7.574
2007-08-13,7.583
2007-08-14,7.5761
2007-08-15,7.5847
2007-08-16,7.603
2007-08-17,7.595
2007-08-20,7.5875
2007-08-21,7.59
2007-08-22,7.602
2007-08-23,7.584
2007-08-24,7.568
2007-08-27,7.56
2007-08-28,7.5555
2007-08-29,7.549
2007-08-30,7.5445
2007-08-31,7.545
2007-09-03,7.5449
2007-09-04,7.55
2007-09-05,7.5513
2007-09-06,7.5388
2007-09-07,7.5365
2007-09-10,7.521
2007-09-11,7.523
2007-09-12,7.5217
2007-09-13,7.5105
2007-09-14,7.516
2007-09-17,7.523
2007-09-18,7.523
2007-09-19,7.513
2007-09-20,7.514
2007-09-21,7.503
2007-09-24,7.509
2007-09-25,7.513
2007-09-26,7.5145
2007-09-27,7.5145
2007-09-28,7.506
2007-10-01,7.506
2007-10-03,7.506
2007-10-05,7.506
2007-10-08,7.5036
2007-10-09,7.517
2007-10-10,7.5115
2007-10-11,7.5045
2007-10-12,7.5105
2007-10-15,7.528
2007-10-16,7.518
2007-10-17,7.516
2007-10-18,7.511
2007-10-19,7.5083
2007-10-22,7.5095
2007-10-23,7.502
2007-10-24,7.4938
2007-10-25,7.482
2007-10-26,7.488
2007-10-29,7.475
2007-10-30,7.4735
2007-10-31,7.462
2007-11-01,7.453
2007-11-02,7.4555
2007-11-05,7.454
2007-11-06,7.454
2007-11-07,7.4425
2007-11-08,7.4208
2007-11-09,7.4115
2007-11-12,7.412
2007-11-13,7.4335
2007-11-14,7.427
2007-11-15,7.422
2007-11-16,7.423
2007-11-19,7.4267
2007-11-20,7.4243
2007-11-21,7.411
2007-11-22,7.412
2007-11-23,7.3993
2007-11-26,7.3969
2007-11-27,7.3872
2007-11-28,7.395
2007-11-29,7.382
2007-11-30,7.398
2007-12-03,7.4025
2007-12-04,7.3985
2007-12-05,7.3933
2007-12-06,7.4135
2007-12-07,7.4
2007-12-10,7.396
2007-12-11,7.3805
2007-12-12,7.374
2007-12-13,7.3675
2007-12-14,7.371
2007-12-17,7.3796
2007-12-18,7.385
2007-12-19,7.377
2007-12-20,7.369
2007-12-21,7.365
2007-12-24,7.3618
2007-12-25,7.3301
2007-12-26,7.3365
2007-12-27,7.3179
2007-12-28,7.3041
2007-12-31,7.3041
2008-01-02,7.305
2008-01-03,7.305
2008-01-04,7.305
2008-01-07,7.2694
2008-01-08,7.2671
2008-01-09,7.2636
2008-01-10,7.2714
2008-01-11,7.2625
2008-01-14,7.2517
2008-01-15,7.2415
2008-01-16,7.2324
2008-01-17,7.2486
2008-01-18,7.2423
2008-01-21,7.241
2008-01-22,7.2392
2008-01-23,7.2322
2008-01-24,7.223
2008-01-25,7.2106
2008-01-28,7.1967
2008-01-29,7.1958
2008-01-30,7.191
2008-01-31,7.1822
2008-02-01,7.1815
2008-02-04,7.1915
2008-02-05,7.1835
2008-02-06,7.1881
2008-02-11,7.1905
2008-02-12,7.1885
2008-02-13,7.2
2008-02-14,7.19
2008-02-15,7.18
2008-02-18,7.1655
2008-02-19,7.15
2008-02-20,7.144
2008-02-21,7.1435
2008-02-22,7.1422
2008-02-25,7.152
2008-02-26,7.157
2008-02-27,7.1425
2008-02-28,7.1125
2008-02-29,7.104
2008-03-03,7.104
2008-03-04,7.1064
2008-03-05,7.11
2008-03-06,7.106
2008-03-07,7.11
2008-03-10,7.1065
2008-03-11,7.1031
2008-03-12,7.1022
2008-03-13,7.0904
2008-03-14,7.0905
2008-03-17,7.0832
2008-03-18,7.08
2008-03-19,7.0667
2008-03-20,7.0525
2008-03-21,7.053
2008-03-24,7.0555
2008-03-25,7.0519
2008-03-26,7.0294
2008-03-27,7.0109
2008-03-28,7.012
2008-03-31,7.0124
2008-04-01,7.012
2008-04-02,7.0189
2008-04-03,7.0162
2008-04-04,7.015
2008-04-07,7.0015
2008-04-08,7.0012
2008-04-09,7.0021
2008-04-10,6.992
2008-04-11,6.9913
2008-04-14,6.9994
2008-04-15,6.9925
2008-04-16,6.9922
2008-04-17,6.9842
2008-04-18,6.9939
2008-04-21,7.0
2008-04-22,6.989
2008-04-23,6.9825
2008-04-24,6.9875
2008-04-25,7.01
2008-04-28,7.0049
2008-04-29,6.9849
2008-04-30,6.9885
2008-05-01,6.9885
2008-05-05,6.9882
2008-05-06,6.9877
2008-05-07,6.989
2008-05-08,7.0048
2008-05-09,6.9878
2008-05-12,6.982
2008-05-13,6.9887
2008-05-14,7.0026
2008-05-15,6.9947
2008-05-16,6.9925
2008-05-19,6.9725
2008-05-20,6.9735
2008-05-21,6.9597
2008-05-22,6.9435
2008-05-23,6.9416
2008-05-26,6.9365
2008-05-27,6.95
2008-05-28,6.9444
2008-05-29,6.9379
2008-05-30,6.9425
2008-06-02,6.933
2008-06-03,6.9252
2008-06-04,6.9394
2008-06-05,6.948
2008-06-06,6.9231
2008-06-09,6.9231
2008-06-10,6.9199
2008-06-11,6.9185
2008-06-12,6.9075
2008-06-13,6.902
2008-06-16,6.9006
2008-06-17,6.8914
2008-06-18,6.8822
2008-06-19,6.8775
2008-06-20,6.8801
2008-06-23,6.8742
2008-06-24,6.8702
2008-06-25,6.8653
2008-06-26,6.8657
2008-06-27,6.8618
2008-06-30,6.8544
2008-07-01,6.8564
2008-07-02,6.8531
2008-07-03,6.851
2008-07-04,6.859
2008-07-07,6.8674
2008-07-08,6.8581
2008-07-09,6.8599
2008-07-10,6.8429
2008-07-11,6.8341
2008-07-14,6.8449
2008-07-15,6.8212
2008-07-16,6.8109
2008-07-17,6.8289
2008-07-18,6.8168
2008-07-21,6.83
2008-07-22,6.8217
2008-07-23,6.8295
2008-07-24,6.8289
2008-07-25,6.819
2008-07-28,6.8375
2008-07-29,6.8257
2008-07-30,6.8265
2008-07-31,6.8388
2008-08-01,6.8425
2008-08-04,6.8516
2008-08-05,6.8555
2008-08-06,6.8483
2008-08-07,6.8632
2008-08-08,6.8575
2008-08-11,6.8577
2008-08-12,6.8659
2008-08-13,6.8572
2008-08-14,6.863
2008-08-15,6.87
2008-08-18,6.871
2008-08-19,6.8599
2008-08-20,6.8547
2008-08-21,6.8444
2008-08-22,6.8342
2008-08-25,6.8487
2008-08-26,6.848
2008-08-27,6.8375
2008-08-28,6.8291
2008-08-29,6.8352
2008-09-01,6.8294
2008-09-02,6.833
2008-09-03,6.8434
2008-09-04,6.8365
2008-09-05,6.8432
2008-09-08,6.8379
2008-09-09,6.8391
2008-09-10,6.839
2008-09-11,6.8492
2008-09-12,6.838
2008-09-15,6.8492
2008-09-16,6.85
2008-09-17,6.8365
2008-09-18,6.835
2008-09-19,6.8355
2008-09-22,6.8316
2008-09-23,6.8124
2008-09-24,6.8243
2008-09-25,6.8206
2008-09-26,6.8441
2008-09-29,6.8441
2008-09-30,6.8441
2008-10-01,6.8441
2008-10-02,6.8441
2008-10-03,6.8441
2008-10-06,6.8436
2008-10-07,6.8142
2008-10-08,6.8141
2008-10-09,6.8205
2008-10-10,6.8355
2008-10-13,6.8355
2008-10-14,6.8317
2008-10-15,6.8317
2008-10-16,6.8342
2008-10-17,6.835
2008-10-20,6.8304
2008-10-21,6.8335
2008-10-22,6.8355
2008-10-23,6.8364
2008-10-24,6.8442
2008-10-27,6.8528
2008-10-28,6.839
2008-10-29,6.842
2008-10-30,6.839
2008-10-31,6.84
2008-11-03,6.837
2008-11-04,6.8363
2008-11-05,6.8292
2008-11-06,6.8233
2008-11-07,6.8265
2008-11-10,6.8268
2008-11-11,6.8214
2008-11-12,6.8291
2008-11-13,6.8293
2008-11-14,6.8237
2008-11-17,6.8275
2008-11-18,6.8249
2008-11-19,6.8305
2008-11-20,6.8337
2008-11-21,6.8312
2008-11-24,6.8259
2008-11-25,6.823
2008-11-26,6.8292
2008-11-27,6.8282
2008-11-28,6.8264
2008-12-01,6.8852
2008-12-02,6.8796
2008-12-03,6.8746
2008-12-04,6.8827
2008-12-05,6.8755
2008-12-08,6.877
2008-12-09,6.874
2008-12-10,6.865
2008-12-11,6.8523
2008-12-12,6.843
2008-12-15,6.849
2008-12-16,6.8458
2008-12-17,6.836
2008-12-18,6.8351
2008-12-19,6.845
2008-12-22,6.852
2008-12-23,6.849
2008-12-24,6.8365
2008-12-25,6.8318
2008-12-26,6.8419
2008-12-29,6.8457
2008-12-30,6.8305
2008-12-31,6.8235
2009-01-02,6.8235
2009-01-05,6.831
2009-01-06,6.837
2009-01-07,6.833
2009-01-08,6.835
2009-01-09,6.836
2009-01-12,6.8372
2009-01-13,6.8351
2009-01-14,6.8355
2009-01-15,6.8373
2009-01-16,6.8379
2009-01-19,6.8356
2009-01-20,6.8411
2009-01-21,6.8402
2009-01-22,6.838
2009-01-23,6.8402
2009-01-26,6.8402
2009-01-27,6.8402
2009-01-28,6.8402
2009-01-29,6.8402
2009-01-30,6.8355
2009-02-02,6.8478
2009-02-03,6.8409
2009-02-04,6.8345
2009-02-05,6.8365
2009-02-06,6.8348
2009-02-09,6.8402
2009-02-10,6.824
2009-02-11,6.8397
2009-02-12,6.8355
2009-02-13,6.8402
2009-02-16,6.8259
2009-02-17,6.836
2009-02-18,6.8388
2009-02-19,6.8358
2009-02-20,6.8372
2009-02-23,6.8365
2009-02-24,6.8375
2009-02-25,6.8379
2009-02-26,6.8371
2009-02-27,6.8395
2009-03-02,6.8448
2009-03-03,6.841
2009-03-04,6.8442
2009-03-05,6.8416
2009-03-06,6.8395
2009-03-09,6.8395
2009-03-10,6.842
2009-03-11,6.8395
2009-03-12,6.838
2009-03-13,6.839
2009-03-16,6.838
2009-03-17,6.8379
2009-03-18,6.8357
2009-03-19,6.825
2009-03-20,6.8287
2009-03-23,6.8345
2009-03-24,6.8304
2009-03-25,6.8314
2009-03-26,6.833
2009-03-27,6.832
2009-03-30,6.8366
2009-03-31,6.8339
2009-04-01,6.8349
2009-04-02,6.835
2009-04-03,6.8353
2009-04-06,6.8353
2009-04-07,6.8371
2009-04-08,6.836
2009-04-09,6.835
2009-04-10,6.8343
2009-04-13,6.8361
2009-04-14,6.8329
2009-04-15,6.8331
2009-04-16,6.8326
2009-04-17,6.8335
2009-04-20,6.8341
2009-04-21,6.8264
2009-04-22,6.8306
2009-04-23,6.8275
2009-04-24,6.826
2009-04-27,6.827
2009-04-28,6.8265
2009-04-29,6.824
2009-04-30,6.818
2009-05-01,6.818
2009-05-04,6.822
2009-05-05,6.8185
2009-05-06,6.8175
2009-05-07,6.82
2009-05-08,6.82
2009-05-11,6.823
2009-05-12,6.821
2009-05-13,6.822
2009-05-14,6.8214
2009-05-15,6.8245
2009-05-18,6.8265
2009-05-19,6.8245
2009-05-20,6.8258
2009-05-21,6.8245
2009-05-22,6.8225
2009-05-25,6.8235
2009-05-26,6.8325
2009-05-27,6.8275
2009-05-28,6.8288
2009-06-01,6.8274
2009-06-02,6.8315
2009-06-03,6.8315
2009-06-04,6.8341
2009-06-05,6.8339
2009-06-08,6.8381
2009-06-09,6.8363
2009-06-10,6.834
2009-06-11,6.8368
2009-06-12,6.8362
2009-06-15,6.8371
2009-06-16,6.8348
2009-06-17,6.8374
2009-06-18,6.8354
2009-06-19,6.837
2009-06-22,6.835
2009-06-23,6.8356
2009-06-24,6.8305
2009-06-25,6.8354
2009-06-26,6.834
2009-06-29,6.8344
2009-06-30,6.8312
2009-07-01,6.833
2009-07-02,6.8322
2009-07-03,6.833
2009-07-06,6.8352
2009-07-07,6.8336
2009-07-08,6.832
2009-07-09,6.8327
2009-07-10,6.8335
2009-07-13,6.8336
2009-07-14,6.8337
2009-07-15,6.8325
2009-07-16,6.8318
2009-07-17,6.8319
2009-07-20,6.8313
2009-07-21,6.831
2009-07-22,6.8305
2009-07-23,6.832
2009-07-24,6.8323
2009-07-27,6.8322
2009-07-28,6.8312
2009-07-29,6.8315
2009-07-30,6.8331
2009-07-31,6.8329
2009-08-03,6.8318
2009-08-04,6.8305
2009-08-05,6.8309
2009-08-06,6.8322
2009-08-07,6.8317
2009-08-10,6.8344
2009-08-11,6.8359
2009-08-12,6.8359
2009-08-13,6.833
2009-08-14,6.8351
2009-08-17,6.8368
2009-08-18,6.8346
2009-08-19,6.835
2009-08-20,6.8327
2009-08-21,6.8323
2009-08-24,6.8319
2009-08-25,6.8315
2009-08-26,6.8315
2009-08-27,6.8318
2009-08-28,6.831
2009-08-31,6.8309
2009-09-01,6.8305
2009-09-02,6.831
2009-09-03,6.8308
2009-09-04,6.829
2009-09-07,6.8295
2009-09-08,6.828
2009-09-09,6.8288
2009-09-10,6.8301
2009-09-11,6.829
2009-09-14,6.828
2009-09-15,6.8299
2009-09-16,6.8257
2009-09-17,6.8265
2009-09-18,6.828
2009-09-21,6.8289
2009-09-22,6.8278
2009-09-23,6.827
2009-09-24,6.8268
2009-09-25,6.827
2009-09-28,6.8275
2009-09-29,6.8288
2009-09-30,6.827
2009-10-01,6.827
2009-10-02,6.827
2009-10-05,6.827
2009-10-06,6.827
2009-10-07,6.827
2009-10-08,6.827
2009-10-09,6.8264
2009-10-12,6.8242
2009-10-13,6.8266
2009-10-14,6.8271
2009-10-15,6.828
2009-10-16,6.8276
2009-10-19,6.8276
2009-10-20,6.8264
2009-10-21,6.8283
2009-10-22,6.8297
2009-10-23,6.829
2009-10-26,6.8286
2009-10-27,6.8294
2009-10-28,6.828
2009-10-29,6.8279
2009-10-30,6.8274
2009-11-02,6.8279
2009-11-03,6.8279
2009-11-04,6.8275
2009-11-05,6.8276
2009-11-06,6.8276
2009-11-09,6.8271
2009-11-10,6.8265
2009-11-11,6.8259
2009-11-12,6.8263
2009-11-13,6.827
2009-11-16,6.8273
2009-11-17,6.827
2009-11-18,6.827
2009-11-19,6.8293
2009-11-20,6.8287
2009-11-23,6.828
2009-11-24,6.8295
2009-11-25,6.8282
2009-11-26,6.829
2009-11-27,6.8265
2009-11-30,6.8275
2009-12-01,6.828
2009-12-02,6.827
2009-12-03,6.827
2009-12-04,6.8271
2009-12-07,6.8298
2009-12-08,6.8285
2009-12-09,6.8284
2009-12-10,6.8274
2009-12-11,6.8276
2009-12-14,6.8281
2009-12-15,6.828
2009-12-16,6.8279
2009-12-17,6.8296
2009-12-18,6.829
2009-12-21,6.8285
2009-12-22,6.8295
2009-12-23,6.8292
2009-12-24,6.8281
2009-12-25,6.8279
2009-12-28,6.8302
2009-12-29,6.8299
2009-12-30,6.8254
2009-12-31,6.827
2010-01-04,6.828
2010-01-05,6.8268
2010-01-06,6.8278
2010-01-07,6.8278
2010-01-08,6.8276
2010-01-11,6.8233
2010-01-12,6.8265
2010-01-13,6.8305
2010-01-14,6.8275
2010-01-15,6.8265
2010-01-18,6.8271
2010-01-19,6.8278
2010-01-20,6.8268
2010-01-21,6.8278
2010-01-22,6.828
2010-01-25,6.8278
2010-01-26,6.8271
2010-01-27,6.8278
2010-01-28,6.8265
2010-01-29,6.8278
2010-02-01,6.827
2010-02-02,6.828
2010-02-03,6.826
2010-02-04,6.828
2010-02-05,6.8285
2010-02-08,6.8275
2010-02-09,6.8277
2010-02-10,6.828
2010-02-11,6.8338
2010-02-12,6.8325
2010-02-15,6.8336
2010-02-16,6.8325
2010-02-19,6.83
2010-02-22,6.8274
2010-02-23,6.8272
2010-02-24,6.8279
2010-02-25,6.8277
2010-02-26,6.8268
2010-03-01,6.8273
2010-03-02,6.8275
2010-03-03,6.8268
2010-03-04,6.8268
2010-03-05,6.826
2010-03-08,6.8271
2010-03-09,6.8273
2010-03-10,6.8269
2010-03-11,6.8276
2010-03-12,6.8264
2010-03-15,6.8269
2010-03-16,6.8267
2010-03-17,6.8269
2010-03-18,6.8271
2010-03-19,6.8275
2010-03-22,6.8276
2010-03-23,6.8273
2010-03-24,6.8276
2010-03-25,6.828
2010-03-26,6.8279
2010-03-29,6.8274
2010-03-30,6.8268
2010-03-31,6.8268
2010-04-01,6.8273
2010-04-05,6.8266
2010-04-06,6.826
2010-04-07,6.8264
2010-04-08,6.825
2010-04-09,6.8239
2010-04-12,6.825
2010-04-13,6.8261
2010-04-14,6.8268
2010-04-15,6.827
2010-04-16,6.8263
2010-04-19,6.8272
2010-04-20,6.8263
2010-04-21,6.8285
2010-04-22,6.826
2010-04-23,6.827
2010-04-26,6.8276
2010-04-27,6.8266
2010-04-28,6.8255
2010-04-29,6.8255
2010-04-30,6.8245
2010-05-03,6.8255
2010-05-04,6.827
2010-05-05,6.8273
2010-05-06,6.8275
2010-05-07,6.8264
2010-05-10,6.8273
2010-05-11,6.8285
2010-05-12,6.828
2010-05-13,6.8288
2010-05-14,6.8273
2010-05-17,6.8284
2010-05-18,6.8283
2010-05-19,6.8279
2010-05-20,6.8287
2010-05-21,6.8272
2010-05-24,6.8296
2010-05-25,6.832
2010-05-26,6.829
2010-05-27,6.8306
2010-05-28,6.8315
2010-05-31,6.8288
2010-06-01,6.8285
2010-06-02,6.8306
2010-06-03,6.8293
2010-06-04,6.8296
2010-06-07,6.8332
2010-06-08,6.8304
2010-06-09,6.8295
2010-06-10,6.8315
2010-06-11,6.833
2010-06-14,6.8333
2010-06-15,6.832
2010-06-16,6.8333
2010-06-17,6.83
2010-06-18,6.8277
2010-06-21,6.7978
2010-06-22,6.8137
2010-06-23,6.8124
2010-06-24,6.8006
2010-06-25,6.7921
2010-06-28,6.797
2010-06-29,6.7987
2010-06-30,6.7825
2010-07-01,6.7817
2010-07-02,6.7719
2010-07-05,6.7767
2010-07-06,6.78
2010-07-07,6.77
2010-07-08,6.777
2010-07-12,6.7719
2010-07-13,6.772
2010-07-14,6.771
2010-07-15,6.777
2010-07-16,6.775
2010-07-19,6.779
2010-07-20,6.7791
2010-07-21,6.7779
2010-07-22,6.7795
2010-07-23,6.7813
2010-07-26,6.7798
2010-07-27,6.7791
2010-07-28,6.779
2010-07-29,6.776
2010-07-30,6.7745
2010-08-02,6.7735
2010-08-03,6.7738
2010-08-04,6.773
2010-08-05,6.7715
2010-08-06,6.769
2010-08-09,6.768
2010-08-10,6.773
2010-08-11,6.7755
2010-08-12,6.7853
2010-08-13,6.7941
2010-08-16,6.8048
2010-08-17,6.793
2010-08-18,6.7921
2010-08-19,6.7907
2010-08-20,6.791
2010-08-23,6.8005
2010-08-24,6.7976
2010-08-25,6.8005
2010-08-26,6.8008
2010-08-27,6.7987
2010-08-30,6.8039
2010-08-31,6.8079
2010-09-01,6.8112
2010-09-02,6.808
2010-09-03,6.8024
2010-09-06,6.7883
2010-09-07,6.7916
2010-09-08,6.795
2010-09-09,6.783
2010-09-10,6.77
2010-09-13,6.7605
2010-09-14,6.744
2010-09-15,6.739
2010-09-16,6.725
2010-09-17,6.724
2010-09-20,6.7145
2010-09-21,6.7069
2010-09-22,6.7045
2010-09-23,6.7063
2010-09-24,6.7045
2010-09-27,6.6921
2010-09-28,6.6914
2010-09-29,6.6879
2010-09-30,6.6915
2010-10-01,6.6905
2010-10-04,6.6922
2010-10-05,6.6916
2010-10-06,6.689
2010-10-07,6.6905
2010-10-08,6.671
2010-10-11,6.6689
2010-10-12,6.6743
2010-10-13,6.6644
2010-10-14,6.6515
2010-10-15,6.6415
2010-10-18,6.645
2010-10-19,6.6454
2010-10-20,6.6528
2010-10-21,6.6512
2010-10-22,6.6593
2010-10-25,6.6589
2010-10-26,6.6635
2010-10-27,6.6815
2010-10-28,6.6877
2010-10-29,6.6717
2010-11-01,6.689
2010-11-02,6.677
2010-11-03,6.6755
2010-11-04,6.661
2010-11-05,6.655
2010-11-08,6.679
2010-11-09,6.642
2010-11-10,6.6335
2010-11-11,6.624
2010-11-12,6.6365
2010-11-15,6.6415
2010-11-16,6.6375
2010-11-17,6.6425
2010-11-18,6.633
2010-11-19,6.6395
2010-11-22,6.6415
2010-11-23,6.643
2010-11-24,6.6525
2010-11-25,6.6495
2010-11-26,6.6675
2010-11-29,6.66
2010-11-30,6.666
2010-12-01,6.664
2010-12-02,6.6605
2010-12-03,6.6625
2010-12-06,6.6475
2010-12-07,6.6465
2010-12-08,6.6626
2010-12-09,6.6559
2010-12-10,6.656
2010-12-13,6.6662
2010-12-14,6.6573
2010-12-15,6.6551
2010-12-16,6.6645
2010-12-17,6.6555
2010-12-20,6.6755
2010-12-21,6.658
2010-12-22,6.646
2010-12-23,6.646
2010-12-24,6.628
2010-12-27,6.6316
2010-12-28,6.6245
2010-12-29,6.621
2010-12-30,6.601
2010-12-31,6.591
2011-01-03,6.5907
2011-01-04,6.6075
2011-01-05,6.6196
2011-01-06,6.627
2011-01-07,6.6286
2011-01-10,6.6374
2011-01-11,6.6195
2011-01-12,6.6047
2011-01-13,6.6042
2011-01-14,6.5886
2011-01-17,6.5939
2011-01-18,6.5825
2011-01-19,6.5833
2011-01-20,6.5862
2011-01-21,6.5841
2011-01-24,6.5819
2011-01-25,6.5834
2011-01-26,6.5824
2011-01-27,6.5815
2011-01-28,6.58
2011-01-31,6.6027
2011-02-01,6.5947
2011-02-02,6.556
2011-02-03,6.557
2011-02-04,6.557
2011-02-07,6.561
2011-02-08,6.553
2011-02-09,6.5924
2011-02-10,6.5874
2011-02-11,6.5927
2011-02-14,6.5975
2011-02-15,6.5894
2011-02-16,6.5865
2011-02-17,6.586
2011-02-18,6.5741
2011-02-21,6.5677
2011-02-22,6.5795
2011-02-23,6.5751
2011-02-24,6.573
2011-02-25,6.5759
2011-02-28,6.5723
2011-03-01,6.571
2011-03-02,6.5733
2011-03-03,6.5715
2011-03-04,6.568
2011-03-07,6.555
2011-03-08,6.5694
2011-03-09,6.559
2011-03-10,6.5741
2011-03-11,6.5752
2011-03-14,6.565
2011-03-15,6.5715
2011-03-16,6.5723
2011-03-17,6.574
2011-03-18,6.5699
2011-03-21,6.5645
2011-03-22,6.551
2011-03-23,6.5585
2011-03-24,6.559
2011-03-25,6.5578
2011-03-28,6.5653
2011-03-29,6.5617
2011-03-30,6.5568
2011-03-31,6.5493
2011-04-01,6.5487
2011-04-04,6.5395
2011-04-05,6.54
2011-04-06,6.545
2011-04-07,6.542
2011-04-08,6.536
2011-04-11,6.5391
2011-04-12,6.54
2011-04-13,6.5342
2011-04-14,6.5319
2011-04-15,6.5327
2011-04-18,6.5296
2011-04-19,6.5313
2011-04-20,6.5263
2011-04-21,6.493
2011-04-22,6.5077
2011-04-25,6.5287
2011-04-26,6.528
2011-04-27,6.511
2011-04-28,6.502
2011-04-29,6.49
2011-05-02,6.493
2011-05-03,6.4975
2011-05-04,6.4935
2011-05-05,6.494
2011-05-06,6.4935
2011-05-09,6.494
2011-05-10,6.4925
2011-05-11,6.4925
2011-05-12,6.4996
2011-05-13,6.4987
2011-05-16,6.5087
2011-05-17,6.5067
2011-05-18,6.506
2011-05-19,6.505
2011-05-20,6.4915
2011-05-23,6.505
2011-05-24,6.4985
2011-05-25,6.494
2011-05-26,6.491
2011-05-27,6.493
2011-05-30,6.4839
2011-05-31,6.4796
2011-06-01,6.479
2011-06-02,6.4838
2011-06-03,6.4795
2011-06-06,6.4795
2011-06-07,6.482
2011-06-08,6.4764
2011-06-09,6.4755
2011-06-10,6.4811
2011-06-13,6.4836
2011-06-14,6.4804
2011-06-15,6.48
2011-06-16,6.4745
2011-06-17,6.47
2011-06-20,6.472
2011-06-21,6.466
2011-06-22,6.463
2011-06-23,6.4575
2011-06-24,6.475
2011-06-27,6.4825
2011-06-28,6.47
2011-06-29,6.4642
2011-06-30,6.4645
2011-07-01,6.4655
2011-07-04,6.4638
2011-07-05,6.4682
2011-07-06,6.468
2011-07-07,6.4666
2011-07-08,6.465
2011-07-11,6.468
2011-07-12,6.472
2011-07-13,6.4685
2011-07-14,6.46
2011-07-15,6.462
2011-07-18,6.4698
2011-07-19,6.462
2011-07-20,6.4591
2011-07-21,6.4545
2011-07-22,6.4465
2011-07-25,6.4455
2011-07-26,6.4421
2011-07-27,6.4439
2011-07-28,6.4428
2011-07-29,6.437
2011-08-01,6.4335
2011-08-02,6.4389
2011-08-03,6.435
2011-08-04,6.4387
2011-08-05,6.44
2011-08-08,6.434
2011-08-09,6.4302
2011-08-10,6.4182
2011-08-11,6.3945
2011-08-12,6.3902
2011-08-15,6.3912
2011-08-16,6.3828
2011-08-17,6.3879
2011-08-18,6.3875
2011-08-19,6.392
2011-08-22,6.401
2011-08-23,6.3985
2011-08-24,6.388
2011-08-25,6.3898
2011-08-26,6.3865
2011-08-29,6.3819
2011-08-30,6.3813
2011-08-31,6.378
2011-09-01,6.382
2011-09-02,6.383
2011-09-05,6.3867
2011-09-06,6.391
2011-09-07,6.393
2011-09-08,6.3843
2011-09-09,6.389
2011-09-12,6.3887
2011-09-13,6.3995
2011-09-14,6.392
2011-09-15,6.389
2011-09-16,6.383
2011-09-19,6.3874
2011-09-20,6.3847
2011-09-21,6.3821
2011-09-22,6.3875
2011-09-23,6.388
2011-09-26,6.3985
2011-09-27,6.3985
2011-09-28,6.394
2011-09-29,6.3962
2011-09-30,6.378
2011-10-03,6.3755
2011-10-04,6.3755
2011-10-05,6.3755
2011-10-06,6.379
2011-10-07,6.3755
2011-10-10,6.3483
2011-10-11,6.3755
2011-10-12,6.359
2011-10-13,6.3828
2011-10-14,6.379
2011-10-17,6.3704
2011-10-18,6.3814
2011-10-19,6.377
2011-10-20,6.3835
2011-10-21,6.3833
2011-10-24,6.3753
2011-10-25,6.3615
2011-10-26,6.3544
2011-10-27,6.36
2011-10-28,6.358
2011-10-31,6.3557
2011-11-01,6.3552
2011-11-02,6.356
2011-11-03,6.3523
2011-11-04,6.341
2011-11-07,6.3491
2011-11-08,6.3472
2011-11-09,6.3411
2011-11-10,6.3452
2011-11-11,6.3426
2011-11-14,6.3546
2011-11-15,6.3474
2011-11-16,6.3451
2011-11-17,6.3511
2011-11-18,6.3567
2011-11-21,6.3619
2011-11-22,6.362
2011-11-23,6.3583
2011-11-24,6.362
2011-11-25,6.3816
2011-11-28,6.3852
2011-11-29,6.3773
2011-11-30,6.3769
2011-12-01,6.3685
2011-12-02,6.3603
2011-12-05,6.3638
2011-12-06,6.3647
2011-12-07,6.3651
2011-12-08,6.3627
2011-12-09,6.3644
2011-12-12,6.3609
2011-12-13,6.3655
2011-12-14,6.3706
2011-12-15,6.3736
2011-12-16,6.3507
2011-12-19,6.3377
2011-12-20,6.347
2011-12-21,6.3389
2011-12-22,6.3395
2011-12-23,6.3373
2011-12-26,6.319
2011-12-27,6.3219
2011-12-28,6.3215
2011-12-29,6.3187
2011-12-30,6.2947
2012-01-02,6.2947
2012-01-04,6.2944
2012-01-05,6.3016
2012-01-06,6.3094
2012-01-09,6.3146
2012-01-10,6.3148
2012-01-11,6.3154
2012-01-12,6.3181
2012-01-13,6.3068
2012-01-16,6.3165
2012-01-17,6.3139
2012-01-18,6.3121
2012-01-19,6.3167
2012-01-20,6.3348
2012-01-24,6.3348
2012-01-26,6.3348
2012-01-30,6.3338
2012-01-31,6.3082
2012-02-01,6.3076
2012-02-02,6.3018
2012-02-03,6.303
2012-02-06,6.3124
2012-02-07,6.3048
2012-02-08,6.2945
2012-02-09,6.295
2012-02-10,6.2995
2012-02-13,6.2977
2012-02-14,6.3003
2012-02-15,6.3002
2012-02-16,6.3017
2012-02-17,6.2988
2012-02-20,6.3015
2012-02-21,6.2965
2012-02-22,6.296
2012-02-23,6.2989
2012-02-24,6.2978
2012-02-27,6.3016
2012-02-28,6.2991
2012-02-29,6.2938
2012-03-01,6.3004
2012-03-02,6.2985
2012-03-05,6.3067
2012-03-06,6.3079
2012-03-07,6.3099
2012-03-08,6.3159
2012-03-09,6.3112
2012-03-12,6.3266
2012-03-13,6.3275
2012-03-14,6.3323
2012-03-15,6.329
2012-03-16,6.3227
2012-03-19,6.3226
2012-03-20,6.3243
2012-03-21,6.3224
2012-03-22,6.2993
2012-03-23,6.3062
2012-03-26,6.3151
2012-03-27,6.3072
2012-03-28,6.3056
2012-03-29,6.3058
2012-03-30,6.298
2012-04-02,6.298
2012-04-03,6.298
2012-04-05,6.3135
2012-04-06,6.3059
2012-04-09,6.3089
2012-04-10,6.3115
2012-04-11,6.3079
2012-04-12,6.3073
2012-04-13,6.3026
2012-04-16,6.3157
2012-04-17,6.3019
2012-04-18,6.3031
2012-04-19,6.3039
2012-04-20,6.3085
2012-04-23,6.3088
2012-04-24,6.3074
2012-04-25,6.3042
2012-04-26,6.306
2012-04-27,6.3099
2012-04-30,6.3099
2012-05-01,6.3099
2012-05-02,6.3075
2012-05-03,6.3054
2012-05-04,6.3062
2012-05-07,6.3078
2012-05-08,6.3079
2012-05-09,6.3101
2012-05-10,6.3141
2012-05-11,6.3106
2012-05-14,6.3215
2012-05-15,6.3182
2012-05-16,6.3218
2012-05-17,6.3254
2012-05-18,6.3282
2012-05-21,6.3279
2012-05-22,6.3228
2012-05-23,6.3347
2012-05-24,6.3448
2012-05-25,6.3442
2012-05-28,6.345
2012-05-29,6.3481
2012-05-30,6.3575
2012-05-31,6.3688
2012-06-01,6.3695
2012-06-04,6.3643
2012-06-05,6.3675
2012-06-06,6.364
2012-06-07,6.3637
2012-06-08,6.3705
2012-06-11,6.3692
2012-06-12,6.3705
2012-06-13,6.369
2012-06-14,6.3703
2012-06-15,6.3652
2012-06-18,6.3573
2012-06-19,6.3547
2012-06-20,6.3598
2012-06-21,6.3646
2012-06-22,6.3649
2012-06-25,6.3634
2012-06-26,6.3629
2012-06-27,6.3569
2012-06-28,6.3574
2012-06-29,6.3537
2012-07-02,6.3487
2012-07-03,6.3525
2012-07-04,6.3477
2012-07-05,6.356
2012-07-06,6.3644
2012-07-09,6.3717
2012-07-10,6.3659
2012-07-11,6.3684
2012-07-12,6.3735
2012-07-13,6.3792
2012-07-16,6.3786
2012-07-17,6.3728
2012-07-18,6.3694
2012-07-19,6.3729
2012-07-20,6.3735
2012-07-23,6.3861
2012-07-24,6.386
2012-07-25,6.3885
2012-07-26,6.3841
2012-07-27,6.3809
2012-07-30,6.3795
2012-07-31,6.362
2012-08-01,6.3685
2012-08-02,6.3674
2012-08-03,6.3724
2012-08-06,6.374
2012-08-07,6.3666
2012-08-08,6.362
2012-08-09,6.3593
2012-08-10,6.3604
2012-08-13,6.3598
2012-08-14,6.3588
2012-08-15,6.3622
2012-08-16,6.3659
2012-08-17,6.3583
2012-08-20,6.3593
2012-08-21,6.356
2012-08-22,6.3516
2012-08-23,6.3538
2012-08-24,6.3547
2012-08-27,6.3568
2012-08-28,6.353
2012-08-29,6.3514
2012-08-30,6.3499
2012-08-31,6.3487
2012-09-03,6.3405
2012-09-04,6.347
2012-09-05,6.3494
2012-09-06,6.343
2012-09-07,6.3431
2012-09-10,6.3379
2012-09-11,6.3351
2012-09-12,6.3266
2012-09-13,6.3297
2012-09-14,6.3149
2012-09-17,6.3175
2012-09-18,6.3189
2012-09-19,6.3093
2012-09-20,6.3038
2012-09-21,6.3053
2012-09-24,6.3093
2012-09-25,6.3062
2012-09-26,6.302
2012-09-27,6.3023
2012-09-28,6.2845
2012-10-01,6.2845
2012-10-02,6.2845
2012-10-03,6.2845
2012-10-04,6.2845
2012-10-08,6.2878
2012-10-09,6.2878
2012-10-10,6.2833
2012-10-11,6.277
2012-10-12,6.2672
2012-10-15,6.2707
2012-10-16,6.2638
2012-10-17,6.2545
2012-10-18,6.2503
2012-10-19,6.2538
2012-10-22,6.2546
2012-10-23,6.2479
2012-10-24,6.248
2012-10-25,6.2417
2012-10-26,6.2485
2012-10-29,6.2438
2012-10-30,6.2405
2012-10-31,6.2372
2012-11-01,6.2411
2012-11-02,6.2415
2012-11-05,6.2454
2012-11-06,6.2456
2012-11-07,6.2437
2012-11-08,6.2429
2012-11-09,6.2452
2012-11-12,6.2291
2012-11-13,6.226
2012-11-14,6.2252
2012-11-15,6.2332
2012-11-16,6.2356
2012-11-19,6.2345
2012-11-20,6.2326
2012-11-21,6.2304
2012-11-22,6.2289
2012-11-23,6.2287
2012-11-26,6.2255
2012-11-27,6.2223
2012-11-28,6.2274
2012-11-29,6.2282
2012-11-30,6.2267
2012-12-03,6.2279
2012-12-04,6.2256
2012-12-05,6.2253
2012-12-06,6.2283
2012-12-07,6.2301
2012-12-10,6.2298
2012-12-11,6.2465
2012-12-12,6.2513
2012-12-13,6.2322
2012-12-14,6.2415
2012-12-17,6.2368
2012-12-18,6.2324
2012-12-19,6.2303
2012-12-20,6.2302
2012-12-21,6.2286
2012-12-24,6.2336
2012-12-25,6.2339
2012-12-26,6.2353
2012-12-27,6.236
2012-12-28,6.2317
2012-12-31,6.2303
2013-01-01,6.2303
2013-01-02,6.2303
2013-01-03,6.2303
2013-01-04,6.2305
2013-01-07,6.2296
2013-01-08,6.2241
2013-01-09,6.2262
2013-01-10,6.2237
2013-01-11,6.2161
2013-01-14,6.2192
2013-01-15,6.2136
2013-01-16,6.2165
2013-01-17,6.216
2013-01-18,6.2154
2013-01-21,6.2213
2013-01-22,6.2198
2013-01-23,6.218
2013-01-24,6.2181
2013-01-25,6.2205
2013-01-28,6.2226
2013-01-29,6.2243
2013-01-30,6.2205
2013-01-31,6.2205
2013-02-04,6.2205
2013-02-05,6.2294
2013-02-06,6.2317
2013-02-07,6.2325
2013-02-08,6.2325
2013-02-11,6.2325
2013-02-12,6.2325
2013-02-13,6.2325
2013-02-14,6.2325
2013-02-15,6.2325
2013-02-18,6.2427
2013-02-19,6.2443
2013-02-20,6.2376
2013-02-21,6.2405
2013-02-22,6.2351
2013-02-25,6.2339
2013-02-26,6.2295
2013-02-27,6.2273
2013-02-28,6.2214
2013-03-01,6.2226
2013-03-04,6.2251
2013-03-05,6.221
2013-03-06,6.2181
2013-03-07,6.2202
2013-03-08,6.2147
2013-03-11,6.2181
2013-03-12,6.2162
2013-03-13,6.2138
2013-03-14,6.2155
2013-03-15,6.2135
2013-03-18,6.2158
2013-03-19,6.2157
2013-03-20,6.2119
2013-03-21,6.2143
2013-03-22,6.2122
2013-03-25,6.2107
2013-03-26,6.211
2013-03-27,6.214
2013-03-28,6.2145
2013-03-29,6.2108
2013-04-01,6.208
2013-04-02,6.1986
2013-04-03,6.201
2013-04-04,6.2015
2013-04-05,6.2015
2013-04-08,6.2033
2013-04-09,6.2025
2013-04-10,6.1941
2013-04-11,6.1964
2013-04-12,6.1919
2013-04-15,6.1867
2013-04-16,6.1828
2013-04-17,6.1723
2013-04-18,6.1813
2013-04-19,6.1776
2013-04-22,6.1826
2013-04-23,6.1792
2013-04-24,6.1786
2013-04-25,6.1711
2013-04-26,6.165
2013-04-29,6.165
2013-04-30,6.165
2013-05-01,6.165
2013-05-02,6.1558
2013-05-03,6.1557
2013-05-06,6.1667
2013-05-07,6.1541
2013-05-08,6.1411
2013-05-09,6.1309
2013-05-10,6.1417
2013-05-13,6.1465
2013-05-14,6.1428
2013-05-15,6.1459
2013-05-16,6.149
2013-05-17,6.1412
2013-05-20,6.1389
2013-05-21,6.1356
2013-05-22,6.1311
2013-05-23,6.134
2013-05-24,6.1316
2013-05-28,6.1215
2013-05-29,6.1267
2013-05-30,6.1309
2013-05-31,6.1348
2013-06-03,6.1317
2013-06-04,6.1287
2013-06-05,6.1278
2013-06-06,6.1362
2013-06-07,6.1335
2013-06-11,6.1335
2013-06-12,6.1335
2013-06-13,6.1344
2013-06-14,6.1308
2013-06-17,6.125
2013-06-18,6.1285
2013-06-19,6.1269
2013-06-20,6.1282
2013-06-21,6.1334
2013-06-24,6.1451
2013-06-25,6.1453
2013-06-26,6.147
2013-06-27,6.149
2013-06-28,6.1376
2013-07-01,6.1327
2013-07-02,6.133
2013-07-03,6.1308
2013-07-04,6.1258
2013-07-05,6.1326
2013-07-08,6.1338
2013-07-09,6.1295
2013-07-10,6.1341
2013-07-11,6.1352
2013-07-12,6.1375
2013-07-15,6.1376
2013-07-16,6.135
2013-07-17,6.1353
2013-07-18,6.1413
2013-07-19,6.1379
2013-07-22,6.1409
2013-07-23,6.1374
2013-07-24,6.136
2013-07-25,6.1347
2013-07-26,6.1317
2013-07-29,6.1325
2013-07-30,6.1317
2013-07-31,6.1289
2013-08-01,6.1304
2013-08-02,6.1295
2013-08-05,6.1247
2013-08-06,6.1217
2013-08-07,6.1192
2013-08-08,6.1214
2013-08-09,6.1219
2013-08-12,6.1223
2013-08-13,6.1218
2013-08-14,6.1196
2013-08-15,6.1125
2013-08-16,6.115
2013-08-19,6.1229
2013-08-20,6.1246
2013-08-21,6.1234
2013-08-22,6.1211
2013-08-23,6.121
2013-08-26,6.1212
2013-08-27,6.1217
2013-08-28,6.1204
2013-08-29,6.1204
2013-08-30,6.1195
2013-09-02,6.1196
2013-09-03,6.1206
2013-09-04,6.1201
2013-09-05,6.1199
2013-09-06,6.1205
2013-09-09,6.121
2013-09-10,6.12
2013-09-11,6.1188
2013-09-12,6.118
2013-09-13,6.1188
2013-09-16,6.1203
2013-09-17,6.1215
2013-09-18,6.1212
2013-09-23,6.121
2013-09-24,6.1209
2013-09-25,6.12
2013-09-26,6.1214
2013-09-27,6.1199
2013-09-30,6.1215
2013-10-08,6.1211
2013-10-09,6.1211
2013-10-10,6.1158
2013-10-11,6.1206
2013-10-14,6.1079
2013-10-15,6.1026
2013-10-16,6.0998
2013-10-17,6.0982
2013-10-18,6.0968
2013-10-21,6.0926
2013-10-22,6.0927
2013-10-23,6.0835
2013-10-24,6.082
2013-10-25,6.084
2013-10-28,6.0855
2013-10-29,6.0902
2013-10-30,6.0938
2013-10-31,6.0945
2013-11-01,6.0995
2013-11-04,6.099
2013-11-05,6.0968
2013-11-06,6.0927
2013-11-07,6.0908
2013-11-08,6.0906
2013-11-11,6.0914
2013-11-12,6.092
2013-11-13,6.0929
2013-11-14,6.0922
2013-11-15,6.0922
2013-11-18,6.0921
2013-11-19,6.093
2013-11-20,6.0928
2013-11-21,6.0929
2013-11-22,6.0937
2013-11-25,6.0926
2013-11-26,6.0927
2013-11-27,6.0924
2013-11-28,6.0924
2013-11-29,6.0932
2013-12-02,6.093
2013-12-03,6.0924
2013-12-04,6.0916
2013-12-05,6.0913
2013-12-06,6.0817
2013-12-09,6.0723
2013-12-10,6.071
2013-12-11,6.0717
2013-12-12,6.0715
2013-12-13,6.0713
2013-12-16,6.0715
2013-12-17,6.0711
2013-12-18,6.0718
2013-12-19,6.0713
2013-12-20,6.0714
2013-12-23,6.0702
2013-12-24,6.0715
2013-12-25,6.0718
2013-12-26,6.0732
2013-12-27,6.0686
2013-12-30,6.0618
2013-12-31,6.054
2014-01-01,6.054
2014-01-02,6.0507
2014-01-03,6.0515
2014-01-06,6.0526
2014-01-07,6.0512
2014-01-08,6.0512
2014-01-09,6.055
2014-01-10,6.0521
2014-01-13,6.0433
2014-01-14,6.0412
2014-01-15,6.046
2014-01-16,6.0557
2014-01-17,6.0503
2014-01-20,6.0527
2014-01-21,6.0505
2014-01-22,6.0513
2014-01-23,6.0518
2014-01-24,6.0488
2014-01-27,6.048
2014-01-28,6.0509
2014-01-29,6.0556
2014-01-30,6.061
2014-02-07,6.0634
2014-02-10,6.0594
2014-02-11,6.0606
2014-02-12,6.0624
2014-02-13,6.0636
2014-02-14,6.0669
2014-02-17,6.064
2014-02-18,6.0673
2014-02-19,6.0764
2014-02-20,6.0835
2014-02-21,6.0915
2014-02-24,6.0984
2014-02-25,6.1245
2014-02-26,6.1248
2014-02-27,6.1284
2014-02-28,6.145
2014-03-03,6.1463
2014-03-04,6.1435
2014-03-05,6.1282
2014-03-06,6.1185
2014-03-07,6.126
2014-03-10,6.1386
2014-03-11,6.1402
2014-03-12,6.145
2014-03-13,6.1362
2014-03-14,6.1502
2014-03-17,6.1782
2014-03-18,6.1921
2014-03-19,6.1954
2014-03-20,6.2275
2014-03-21,6.225
2014-03-24,6.1959
2014-03-25,6.2017
2014-03-26,6.2094
2014-03-27,6.2128
2014-03-28,6.2122
2014-03-31,6.2172
2014-04-01,6.2069
2014-04-02,6.2057
2014-04-03,6.2107
2014-04-04,6.2123
2014-04-08,6.1968
2014-04-09,6.2005
2014-04-10,6.2126
2014-04-11,6.2113
2014-04-14,6.2191
2014-04-15,6.222
2014-04-16,6.2214
2014-04-17,6.219
2014-04-18,6.2242
2014-04-21,6.2274
2014-04-22,6.2376
2014-04-23,6.2377
2014-04-24,6.2489
2014-04-25,6.2532
2014-04-28,6.252
2014-04-29,6.2579
2014-04-30,6.2596
2014-05-01,6.259
2014-05-02,6.259
2014-05-05,6.2452
2014-05-06,6.2255
2014-05-07,6.234
2014-05-08,6.2278
2014-05-09,6.2272
2014-05-12,6.2373
2014-05-13,6.2285
2014-05-14,6.2287
2014-05-15,6.2304
2014-05-16,6.2332
2014-05-19,6.2372
2014-05-20,6.2375
2014-05-21,6.2335
2014-05-22,6.2348
2014-05-23,6.2363
2014-05-26,6.2392
2014-05-27,6.247
2014-05-28,6.2335
2014-05-29,6.2375
2014-05-30,6.247
2014-06-02,6.247
2014-06-03,6.2535
2014-06-04,6.2494
2014-06-05,6.2545
2014-06-06,6.2498
2014-06-09,6.2397
2014-06-10,6.2397
2014-06-11,6.2277
2014-06-12,6.2175
2014-06-13,6.209
2014-06-16,6.225
2014-06-17,6.22
2014-06-18,6.2305
2014-06-19,6.2287
2014-06-20,6.229
2014-06-23,6.225
2014-06-24,6.2275
2014-06-25,6.235
2014-06-26,6.231
2014-06-27,6.218
2014-06-30,6.2035
2014-07-01,6.1995
2014-07-02,6.2109
2014-07-03,6.2115
2014-07-04,6.2115
2014-07-07,6.2035
2014-07-08,6.201
2014-07-09,6.1994
2014-07-10,6.2031
2014-07-11,6.2033
2014-07-14,6.2058
2014-07-15,6.2075
2014-07-16,6.2035
2014-07-17,6.2033
2014-07-18,6.2075
2014-07-21,6.2088
2014-07-22,6.2025
2014-07-23,6.1982
2014-07-24,6.1944
2014-07-25,6.1913
2014-07-28,6.187
2014-07-29,6.18
2014-07-30,6.1712
2014-07-31,6.1737
2014-08-01,6.1793
2014-08-04,6.178
2014-08-05,6.1705
2014-08-06,6.1625
2014-08-07,6.1618
2014-08-08,6.1555
2014-08-11,6.1536
2014-08-12,6.1575
2014-08-13,6.1544
2014-08-14,6.1518
2014-08-15,6.147
2014-08-18,6.1437
2014-08-19,6.1415
2014-08-20,6.141
2014-08-21,6.151
2014-08-22,6.151
2014-08-25,6.154
2014-08-26,6.152
2014-08-27,6.143
2014-08-28,6.1423
2014-08-29,6.143
2014-09-01,6.1415
2014-09-02,6.148
2014-09-03,6.1408
2014-09-04,6.1383
2014-09-05,6.14
2014-09-08,6.14
2014-09-09,6.1362
2014-09-10,6.1284
2014-09-11,6.1295
2014-09-12,6.1344
2014-09-15,6.1415
2014-09-16,6.1458
2014-09-17,6.1385
2014-09-18,6.14
2014-09-19,6.1402
2014-09-22,6.14
2014-09-23,6.1368
2014-09-24,6.1345
2014-09-25,6.1355
2014-09-26,6.1265
2014-09-29,6.1495
2014-09-30,6.138
2014-10-01,6.138
2014-10-02,6.138
2014-10-03,6.1385
2014-10-06,6.1385
2014-10-07,6.1385
2014-10-08,6.1385
2014-10-09,6.1298
2014-10-10,6.1308
2014-10-13,6.125
2014-10-14,6.125
2014-10-15,6.1248
2014-10-16,6.123
2014-10-17,6.1238
2014-10-20,6.1233
2014-10-21,6.1205
2014-10-22,6.118
2014-10-23,6.1195
2014-10-24,6.117
2014-10-27,6.1165
2014-10-28,6.1133
2014-10-29,6.1112
2014-10-30,6.1145
2014-10-31,6.1127
2014-11-03,6.1183
2014-11-04,6.1152
2014-11-05,6.114
2014-11-06,6.112
2014-11-07,6.1227
2014-11-10,6.1195
2014-11-11,6.1245
2014-11-12,6.1262
2014-11-13,6.1248
2014-11-14,6.1295
2014-11-17,6.1243
2014-11-18,6.1213
2014-11-19,6.1195
2014-11-20,6.1235
2014-11-21,6.1249
2014-11-24,6.1417
2014-11-25,6.1365
2014-11-26,6.1391
2014-11-27,6.1391
2014-11-28,6.1432
2014-12-01,6.152
2014-12-02,6.1495
2014-12-03,6.1502
2014-12-04,6.1546
2014-12-05,6.1502
2014-12-08,6.173
2014-12-09,6.1878
2014-12-10,6.1766
2014-12-11,6.1886
2014-12-12,6.1869
2014-12-15,6.1905
2014-12-16,6.1895
2014-12-17,6.197
2014-12-18,6.2145
2014-12-19,6.2199
2014-12-22,6.2216
2014-12-23,6.2258
2014-12-24,6.2153
2014-12-25,6.197
2014-12-26,6.2148
2014-12-29,6.2217
2014-12-30,6.2015
2014-12-31,6.2015
2015-01-01,6.2015
2015-01-02,6.2045
2015-01-05,6.22
2015-01-06,6.2125
2015-01-07,6.2125
2015-01-08,6.2143
2015-01-09,6.2085
2015-01-12,6.2027
2015-01-13,6.197
2015-01-14,6.1955
2015-01-15,6.187
2015-01-16,6.2065
2015-01-19,6.219
2015-01-20,6.2135
2015-01-21,6.2112
2015-01-22,6.2085
2015-01-23,6.2278
2015-01-26,6.2535
2015-01-27,6.243
2015-01-28,6.2475
2015-01-29,6.2463
2015-01-30,6.2495
2015-02-02,6.2594
2015-02-03,6.2572
2015-02-04,6.2472
2015-02-05,6.2515
2015-02-06,6.2435
2015-02-09,6.2467
2015-02-10,6.2405
2015-02-11,6.2422
2015-02-12,6.244
2015-02-13,6.2399
2015-02-16,6.2482
2015-02-17,6.2545
2015-02-18,6.2545
2015-02-19,6.2545
2015-02-20,6.2545
2015-02-23,6.2545
2015-02-24,6.2545
2015-02-25,6.259
2015-02-26,6.2584
2015-02-27,6.2584
2015-03-02,6.2725
2015-03-03,6.2744
2015-03-04,6.2706
2015-03-05,6.2687
2015-03-06,6.2625
2015-03-09,6.264
2015-03-10,6.262
2015-03-11,6.2623
2015-03-12,6.2624
2015-03-13,6.2595
2015-03-16,6.2625
2015-03-17,6.2495
2015-03-18,6.2294
2015-03-19,6.196
2015-03-20,6.2052
2015-03-23,6.214
2015-03-24,6.2051
2015-03-25,6.2121
2015-03-26,6.2108
2015-03-27,6.215
2015-03-30,6.207
2015-03-31,6.1995
2015-04-01,6.1985
2015-04-02,6.197
2015-04-03,6.1935
2015-04-07,6.196
2015-04-08,6.2025
2015-04-09,6.2055
2015-04-10,6.2085
2015-04-13,6.2167
2015-04-14,6.2115
2015-04-15,6.2052
2015-04-16,6.1962
2015-04-17,6.1978
2015-04-20,6.201
2015-04-21,6.201
2015-04-22,6.194
2015-04-23,6.197
2015-04-24,6.1935
2015-04-27,6.219
2015-04-28,6.204
2015-04-29,6.1993
2015-04-30,6.2028
2015-05-01,6.2028
2015-05-04,6.209
2015-05-05,6.206
2015-05-06,6.2004
2015-05-07,6.2066
2015-05-08,6.2094
2015-05-11,6.2096
2015-05-12,6.2089
2015-05-13,6.2046
2015-05-14,6.2016
2015-05-15,6.2061
2015-05-18,6.2043
2015-05-19,6.2066
2015-05-20,6.2037
2015-05-21,6.1968
2015-05-22,6.1974
2015-05-25,6.202
2015-05-26,6.2039
2015-05-27,6.2013
2015-05-28,6.2012
2015-05-29,6.1983
2015-06-01,6.1995
2015-06-02,6.1982
2015-06-03,6.1978
2015-06-04,6.2011
2015-06-05,6.2034
2015-06-08,6.2056
2015-06-09,6.2057
2015-06-10,6.2058
2015-06-11,6.2066
2015-06-12,6.2083
2015-06-15,6.209
2015-06-16,6.2085
2015-06-17,6.2096
2015-06-18,6.2078
2015-06-19,6.2095
2015-06-22,6.2095
2015-06-23,6.2068
2015-06-24,6.2071
2015-06-25,6.2094
2015-06-26,6.209
2015-06-29,6.2088
2015-06-30,6.201
2015-07-01,6.2014
2015-07-02,6.2047
2015-07-03,6.2057
2015-07-06,6.2091
2015-07-07,6.21
2015-07-08,6.2089
2015-07-09,6.2088
2015-07-10,6.2092
2015-07-13,6.2084
2015-07-14,6.2089
2015-07-15,6.2092
2015-07-16,6.2095
2015-07-17,6.2095
2015-07-20,6.2097
2015-07-21,6.2096
2015-07-22,6.2094
2015-07-23,6.2095
2015-07-24,6.2096
2015-07-27,6.2095
2015-07-28,6.2094
2015-07-29,6.209
2015-07-30,6.2096
2015-07-31,6.2097
2015-08-03,6.2097
2015-08-04,6.2096
2015-08-05,6.2096
2015-08-06,6.2097
2015-08-07,6.2097
2015-08-10,6.2096
2015-08-11,6.3248
2015-08-12,6.387
2015-08-13,6.3988
2015-08-14,6.3918
2015-08-17,6.3947
2015-08-18,6.3938
2015-08-19,6.3958
2015-08-20,6.389
2015-08-21,6.3888
2015-08-24,6.4044
2015-08-25,6.4129
2015-08-26,6.411
2015-08-27,6.4053
2015-08-28,6.3885
2015-08-31,6.3764
2015-09-01,6.3645
2015-09-02,6.3559
2015-09-03,6.3559
2015-09-07,6.3659
2015-09-08,6.3672
2015-09-09,6.3778
2015-09-10,6.3772
2015-09-11,6.375
2015-09-14,6.3679
2015-09-15,6.37
2015-09-16,6.3709
2015-09-17,6.366
2015-09-18,6.3643
2015-09-21,6.3691
2015-09-22,6.376
2015-09-23,6.3837
2015-09-24,6.3833
2015-09-25,6.3741
2015-09-28,6.3688
2015-09-29,6.3636
2015-09-30,6.3571
2015-10-01,6.356
2015-10-02,6.356
2015-10-05,6.356
2015-10-08,6.3535
2015-10-09,6.3453
2015-10-12,6.323
2015-10-13,6.3423
2015-10-14,6.3477
2015-10-15,6.3462
2015-10-16,6.3529
2015-10-19,6.3601
2015-10-20,6.3484
2015-10-21,6.3493
2015-10-22,6.358
2015-10-23,6.3491
2015-10-26,6.3532
2015-10-27,6.3532
2015-10-28,6.3592
2015-10-29,6.3567
2015-10-30,6.3181
2015-11-02,6.3374
2015-11-03,6.3361
2015-11-04,6.3359
2015-11-05,6.3461
2015-11-06,6.3528
2015-11-09,6.3619
2015-11-10,6.3603
2015-11-11,6.367
2015-11-12,6.369
2015-11-13,6.3735
2015-11-16,6.37
2015-11-17,6.37
2015-11-18,6.3834
2015-11-19,6.3825
2015-11-20,6.3835
2015-11-23,6.389
2015-11-24,6.3882
2015-11-25,6.3875
2015-11-26,6.3875
2015-11-27,6.3875
2015-11-30,6.398
2015-12-01,6.3985
2015-12-02,6.3987
2015-12-03,6.397
2015-12-04,6.4005
2015-12-07,6.408
2015-12-08,6.4162
2015-12-09,6.4162
2015-12-10,6.4363
2015-12-11,6.4538
2015-12-14,6.4588
2015-12-15,6.46
2015-12-16,6.4722
2015-12-17,6.4822
2015-12-18,6.48
2015-12-21,6.4793
2015-12-22,6.4778
2015-12-23,6.4763
2015-12-24,6.4758
2015-12-25,6.4758
2015-12-28,6.487
2015-12-29,6.4832
2015-12-30,6.4895
2015-12-31,6.4895
2016-01-01,6.4895
2016-01-04,6.5338
2016-01-05,6.5219
2016-01-06,6.5545
2016-01-07,6.5998
2016-01-08,6.592
2016-01-11,6.572
2016-01-12,6.5765
2016-01-13,6.574
2016-01-14,6.5897
2016-01-15,6.5835
2016-01-18,6.578
2016-01-19,6.577
2016-01-20,6.5788
2016-01-21,6.5792
2016-01-22,6.578
2016-01-25,6.579
2016-01-26,6.5813
2016-01-27,6.5775
2016-01-28,6.576
2016-01-29,6.575
2016-02-01,6.5782
2016-02-02,6.5794
2016-02-03,6.5773
2016-02-04,6.5738
2016-02-05,6.57
2016-02-08,6.571
2016-02-09,6.571
2016-02-10,6.571
2016-02-11,6.571
2016-02-12,6.571
2016-02-15,6.4943
2016-02-16,6.513
2016-02-17,6.5265
2016-02-18,6.516
2016-02-19,6.5204
2016-02-22,6.521
2016-02-23,6.5265
2016-02-24,6.5354
2016-02-25,6.5315
2016-02-26,6.5369
2016-02-29,6.551
2016-03-01,6.548
2016-03-02,6.5508
2016-03-03,6.536
2016-03-04,6.5175
2016-03-07,6.515
2016-03-08,6.5043
2016-03-09,6.5127
2016-03-10,6.5102
2016-03-11,6.494
2016-03-14,6.4945
2016-03-15,6.513
2016-03-16,6.5188
2016-03-17,6.4785
2016-03-18,6.4682
2016-03-21,6.4812
2016-03-22,6.488
2016-03-23,6.5035
2016-03-24,6.511
2016-03-25,6.511
2016-03-28,6.505
2016-03-29,6.508
2016-03-30,6.4648
2016-03-31,6.4538
2016-04-01,6.4775
2016-04-04,6.4776
2016-04-05,6.476
2016-04-06,6.486
2016-04-07,6.47
2016-04-08,6.4735
2016-04-11,6.458
2016-04-12,6.4605
2016-04-13,6.4715
2016-04-14,6.478
2016-04-15,6.4728
2016-04-18,6.477
2016-04-19,6.468
2016-04-20,6.4672
2016-04-21,6.474
2016-04-22,6.5004
2016-04-25,6.49
2016-04-26,6.4905
2016-04-27,6.494
2016-04-28,6.4735
2016-04-29,6.4738
2016-05-02,6.4738
2016-05-03,6.4832
2016-05-04,6.497
2016-05-05,6.5032
2016-05-06,6.4968
2016-05-09,6.514
2016-05-10,6.515
2016-05-11,6.491
2016-05-12,6.515
2016-05-13,6.5285
2016-05-16,6.5184
2016-05-17,6.517
2016-05-18,6.5369
2016-05-19,6.545
2016-05-20,6.5478
2016-05-23,6.5533
2016-05-24,6.5552
2016-05-25,6.5538
2016-05-26,6.556
2016-05-27,6.5607
2016-05-30,6.5607
2016-05-31,6.5775
2016-06-01,6.5748
2016-06-02,6.5815
2016-06-03,6.5638
2016-06-06,6.5644
2016-06-07,6.571
2016-06-08,6.569
2016-06-09,6.559
2016-06-10,6.559
2016-06-13,6.5822
2016-06-14,6.593
2016-06-15,6.5785
2016-06-16,6.586
2016-06-17,6.5893
2016-06-20,6.5768
2016-06-21,6.589
2016-06-22,6.575
2016-06-23,6.574
2016-06-24,6.615
2016-06-27,6.648
2016-06-28,6.645
2016-06-29,6.634
2016-06-30,6.6459
2016-07-01,6.6575
2016-07-04,6.6547
2016-07-05,6.6714
2016-07-06,6.69
2016-07-07,6.679
2016-07-08,6.6873
2016-07-11,6.6877
2016-07-12,6.6876
2016-07-13,6.6855
2016-07-14,6.68
2016-07-15,6.681
2016-07-18,6.6984
2016-07-19,6.694
2016-07-20,6.676
2016-07-21,6.6754
2016-07-22,6.6876
2016-07-25,6.6798
2016-07-26,6.669
2016-07-27,6.6699
2016-07-28,6.6552
2016-07-29,6.637
2016-08-01,6.6423
2016-08-02,6.6247
2016-08-03,6.6342
2016-08-04,6.6394
2016-08-05,6.653
2016-08-08,6.6605
2016-08-09,6.653
2016-08-10,6.6345
2016-08-11,6.639
2016-08-12,6.6324
2016-08-15,6.6362
2016-08-16,6.6253
2016-08-17,6.6328
2016-08-18,6.6299
2016-08-19,6.6515
2016-08-22,6.6482
2016-08-23,6.6384
2016-08-24,6.6545
2016-08-25,6.6553
2016-08-26,6.6688
2016-08-29,6.6804
2016-08-30,6.6783
2016-08-31,6.6775
2016-09-01,6.6713
2016-09-02,6.6794
2016-09-05,6.6794
2016-09-06,6.6722
2016-09-07,6.66
2016-09-08,6.664
2016-09-09,6.664
2016-09-12,6.68
2016-09-13,6.6782
2016-09-14,6.6725
2016-09-15,6.6707
2016-09-16,6.6705
2016-09-19,6.665
2016-09-20,6.6719
2016-09-21,6.6695
2016-09-22,6.6647
2016-09-23,6.6688
2016-09-26,6.6688
2016-09-27,6.6685
2016-09-28,6.673
2016-09-29,6.6672
2016-09-30,6.6685
2016-10-03,6.6685
2016-10-04,6.6691
2016-10-05,6.6691
2016-10-06,6.6685
2016-10-07,6.6684
2016-10-10,6.705
2016-10-11,6.718
2016-10-12,6.718
2016-10-13,6.7269
2016-10-14,6.7247
2016-10-17,6.7374
2016-10-18,6.74
2016-10-19,6.7379
2016-10-20,6.7439
2016-10-21,6.7654
2016-10-24,6.7717
2016-10-25,6.778
2016-10-26,6.7705
2016-10-27,6.7811
2016-10-28,6.7758
2016-10-31,6.7735
2016-11-01,6.763
2016-11-02,6.7544
2016-11-03,6.761
2016-11-04,6.7535
2016-11-07,6.774
2016-11-08,6.7838
2016-11-09,6.7769
2016-11-10,6.812
2016-11-11,6.809
2016-11-14,6.8445
2016-11-15,6.8555
2016-11-16,6.877
2016-11-17,6.87
2016-11-18,6.8873
2016-11-21,6.8918
2016-11-22,6.888
2016-11-23,6.9048
2016-11-24,6.9048
2016-11-25,6.9129
2016-11-28,6.9052
2016-11-29,6.8933
2016-11-30,6.8913
2016-12-01,6.8829
2016-12-02,6.883
2016-12-05,6.8775
2016-12-06,6.879
2016-12-07,6.878
2016-12-08,6.877
2016-12-09,6.9041
2016-12-12,6.9044
2016-12-13,6.8983
2016-12-14,6.9024
2016-12-15,6.9409
2016-12-16,6.9569
2016-12-19,6.9505
2016-12-20,6.9469
2016-12-21,6.9389
2016-12-22,6.9472
2016-12-23,6.9431
2016-12-26,6.9479
2016-12-27,6.949
2016-12-28,6.9558
2016-12-29,6.9534
2016-12-30,6.9429
2017-01-02,6.9429
2017-01-03,6.9574
2017-01-04,6.9321
2017-01-05,6.8869
2017-01-06,6.9175
2017-01-09,6.9349
2017-01-10,6.9179
2017-01-11,6.9364
2017-01-12,6.8889
2017-01-13,6.8984
2017-01-16,6.8985
2017-01-17,6.8519
2017-01-18,6.8359
2017-01-19,6.8679
2017-01-20,6.8728
2017-01-23,6.8513
2017-01-24,6.8554
2017-01-25,6.8811
2017-01-26,6.8767
2017-01-27,6.8767
2017-01-30,6.8767
2017-01-31,6.8767
2017-02-01,6.8767
2017-02-02,6.8465
2017-02-03,6.8649
2017-02-06,6.8599
2017-02-07,6.882
2017-02-08,6.8699
2017-02-09,6.8659
2017-02-10,6.8774
2017-02-13,6.8775
2017-02-14,6.8648
2017-02-15,6.8684
2017-02-16,6.8516
2017-02-17,6.8639
2017-02-20,6.8759
2017-02-21,6.8809
2017-02-22,6.8764
2017-02-23,6.8621
2017-02-24,6.8644
2017-02-27,6.8674
2017-02-28,6.8664
2017-03-01,6.881
2017-03-06,6.8954
2017-03-09,6.9085
2017-03-10,6.9081
2017-03-13,6.9114
2017-03-15,6.9131
2017-03-16,6.8949
2017-03-20,6.9049
2017-03-22,6.8784
2017-03-23,6.8842
2017-03-27,6.8686
2017-03-29,6.8899
2017-03-30,6.8869
2017-03-31,6.8831
2017-04-03,6.8831
2017-04-04,6.8831
2017-04-05,6.8919
2017-04-06,6.8954
2017-04-07,6.8977
2017-04-10,6.8987
2017-04-11,6.9029
2017-04-12,6.8914
2017-04-13,6.8864
2017-04-14,6.8834
2017-04-17,6.8799
2017-04-18,6.8777
2017-04-19,6.8859
2017-04-20,6.8822
2017-04-21,6.8844
2017-04-24,6.8839
2017-04-25,6.8823
2017-04-26,6.8917
2017-04-27,6.8957
2017-04-28,6.8899
2017-05-01,6.8899
2017-05-02,6.8948
2017-05-03,6.8967
2017-05-04,6.8958
2017-05-05,6.9022
2017-05-08,6.9044
2017-05-09,6.9059
2017-05-10,6.901
2017-05-11,6.9022
2017-05-12,6.8971
2017-05-15,6.8899
2017-05-16,6.8842
2017-05-17,6.876
2017-05-18,6.8879
2017-05-19,6.8829
2017-05-22,6.8827
2017-05-23,6.8899
2017-05-24,6.8882
2017-05-25,6.8688
2017-05-26,6.8524
2017-05-29,6.8524
2017-05-31,6.8155
2017-06-01,6.8028
2017-06-02,6.8084
2017-06-05,6.8029
2017-06-06,6.7944
2017-06-07,6.7944
2017-06-08,6.8002
2017-06-09,6.7969
2017-06-12,6.7973
2017-06-13,6.798
2017-06-14,6.7887
2017-06-15,6.806
2017-06-16,6.8096
2017-06-19,6.8179
2017-06-20,6.8291
2017-06-21,6.8274
2017-06-22,6.8348
2017-06-23,6.8344
2017-06-26,6.8381
2017-06-27,6.8101
2017-06-28,6.7983
2017-06-29,6.7845
2017-06-30,6.7792
2017-07-03,6.7983
2017-07-04,6.7984
2017-07-05,6.8014
2017-07-06,6.8014
2017-07-07,6.8038
2017-07-10,6.8035
2017-07-11,6.8024
2017-07-12,6.7864
2017-07-13,6.7834
2017-07-14,6.774
2017-07-17,6.7689
2017-07-18,6.745
2017-07-19,6.755
2017-07-20,6.7569
2017-07-21,6.7662
2017-07-24,6.7511
2017-07-25,6.7494
2017-07-26,6.7529
2017-07-27,6.7409
2017-07-28,6.7374
2017-07-31,6.7239
2017-08-01,6.7181
2017-08-02,6.7199
2017-08-03,6.7149
2017-08-04,6.7271
2017-08-07,6.7206
2017-08-08,6.7048
2017-08-09,6.6719
2017-08-10,6.6459
2017-08-11,6.6647
2017-08-14,6.6694
2017-08-15,6.6844
2017-08-16,6.6899
2017-08-17,6.6754
2017-08-18,6.6699
2017-08-21,6.6629
2017-08-22,6.6599
2017-08-23,6.657
2017-08-24,6.6619
2017-08-25,6.6464
2017-08-28,6.6083
2017-08-29,6.594
2017-08-30,6.5919
2017-08-31,6.5888
2017-09-01,6.5551
2017-09-04,6.5268
2017-09-05,6.5344
2017-09-06,6.522
2017-09-07,6.4829
2017-09-08,6.4772
2017-09-11,6.5253
2017-09-12,6.5333
2017-09-13,6.5405
2017-09-14,6.5535
2017-09-15,6.5499
2017-09-18,6.5724
2017-09-19,6.5799
2017-09-20,6.57
2017-09-21,6.586
2017-09-22,6.5898
2017-09-25,6.6211
2017-09-26,6.637
2017-09-27,6.6424
2017-09-28,6.659
2017-09-29,6.6532
2017-10-02,6.6532
2017-10-03,6.6532
2017-10-04,6.6532
2017-10-05,6.6532
2017-10-06,6.6532
2017-10-09,6.6234
2017-10-10,6.5717
2017-10-11,6.5869
2017-10-12,6.5856
2017-10-13,6.5784
2017-10-16,6.5898
2017-10-17,6.6219
2017-10-18,6.6274
2017-10-19,6.6125
2017-10-20,6.6184
2017-10-23,6.6379
2017-10-24,6.6334
2017-10-25,6.6349
2017-10-26,6.6391
2017-10-27,6.6497
2017-10-30,6.6439
2017-10-31,6.6327
2017-11-01,6.6029
2017-11-02,6.6089
2017-11-03,6.6359
2017-11-06,6.6338
2017-11-07,6.638
2017-11-08,6.6248
2017-11-09,6.6377
2017-11-10,6.6398
2017-11-13,6.6384
2017-11-14,6.6349
2017-11-15,6.6199
2017-11-16,6.6272
2017-11-17,6.6267
2017-11-20,6.6299
2017-11-21,6.6265
2017-11-22,6.6103
2017-11-23,6.5835
2017-11-24,6.5997
2017-11-27,6.5966
2017-11-28,6.6076
2017-11-29,6.609
2017-11-30,6.6089
2017-12-01,6.6136
2017-12-04,6.6184
2017-12-05,6.6169
2017-12-06,6.6135
2017-12-07,6.6172
2017-12-08,6.6198
2017-12-11,6.6174
2017-12-12,6.6215
2017-12-13,6.6127
2017-12-14,6.609
2017-12-15,6.6087
2017-12-18,6.6149
2017-12-19,6.6034
2017-12-20,6.577
2017-12-21,6.5832
2017-12-22,6.5749
2017-12-25,6.5397
2017-12-26,6.5379
2017-12-27,6.5559
2017-12-28,6.5334
2017-12-29,6.5062
2018-01-03,6.5009
2018-01-04,6.4914
2018-01-05,6.487
2018-01-08,6.4969
2018-01-09,6.5262
2018-01-10,6.5054
2018-01-11,6.4955
2018-01-12,6.46
2018-01-15,6.4371
2018-01-16,6.4394
2018-01-17,6.4329
2018-01-18,6.4174
2018-01-19,6.404
2018-01-22,6.4034
2018-01-23,6.3999
2018-01-24,6.3649
2018-01-25,6.3188
2018-01-26,6.3198
2018-01-29,6.3327
2018-01-30,6.3198
2018-01-31,6.284
2018-02-01,6.2968
2018-02-02,6.298
2018-02-05,6.2849
2018-02-06,6.2833
2018-02-07,6.2648
2018-02-08,6.3221
2018-02-09,6.295
2018-02-12,6.3249
2018-02-13,6.3379
2018-02-14,6.3437
2018-02-15,6.3437
2018-02-16,6.3435
2018-02-19,6.3482
2018-02-20,6.3437
2018-02-21,6.3437
2018-02-22,6.347
2018-02-23,6.3328
2018-02-26,6.3114
2018-02-27,6.3168
2018-02-28,6.3279
2018-03-01,6.3564
2018-03-02,6.3427
2018-03-05,6.349
2018-03-06,6.3092
2018-03-07,6.3224
2018-03-08,6.3388
2018-03-09,6.3284
2018-03-12,6.326
2018-03-13,6.3179
2018-03-14,6.314
2018-03-15,6.3201
2018-03-16,6.3299
2018-03-19,6.328
2018-03-20,6.332
2018-03-21,6.3199
2018-03-22,6.335
2018-03-23,6.3109
2018-03-26,6.2705
2018-03-27,6.2805
2018-03-28,6.2954
2018-03-29,6.2875
2018-03-30,6.2728
2018-04-02,6.2804
2018-04-03,6.2898
2018-04-04,6.3051
2018-04-05,6.3051
2018-04-06,6.3044
2018-04-09,6.3034
2018-04-10,6.2807
2018-04-11,6.2654
2018-04-12,6.289
2018-04-13,6.2724
2018-04-16,6.2751
2018-04-17,6.2825
2018-04-18,6.2743
2018-04-19,6.2766
2018-04-20,6.2944
2018-04-23,6.315
2018-04-24,6.3034
2018-04-25,6.3241
2018-04-26,6.3339
2018-04-27,6.3324
2018-04-30,6.3324
2018-05-01,6.3325
2018-05-02,6.3609
2018-05-03,6.3536
2018-05-04,6.3627
2018-05-07,6.3642
2018-05-08,6.3706
2018-05-09,6.3584
2018-05-10,6.3467
2018-05-11,6.3313
2018-05-14,6.3359
2018-05-15,6.3777
2018-05-16,6.3705
2018-05-17,6.3644
2018-05-18,6.38
2018-05-21,6.3834
2018-05-22,6.366
2018-05-23,6.3884
2018-05-24,6.3758
2018-05-25,6.3902
2018-05-28,6.3979
2018-05-29,6.4161
2018-05-30,6.4189
2018-05-31,6.4095
2018-06-01,6.4179
2018-06-04,6.4049
2018-06-05,6.406
2018-06-06,6.3859
2018-06-07,6.3896
2018-06-08,6.403
2018-06-11,6.4017
2018-06-12,6.3991
2018-06-13,6.3959
2018-06-14,6.3979
2018-06-15,6.438
2018-06-18,6.4378
2018-06-19,6.4801
2018-06-20,6.4712
2018-06-21,6.4899
2018-06-22,6.5026
2018-06-25,6.5385
2018-06-26,6.5768
2018-06-27,6.6058
2018-06-28,6.6246
2018-06-29,6.617
2018-07-02,6.6631
2018-07-03,6.64
2018-07-04,6.6289
2018-07-05,6.634
2018-07-06,6.6395
2018-07-09,6.6122
2018-07-10,6.6315
2018-07-11,6.6801
2018-07-12,6.6678
2018-07-13,6.6917
2018-07-16,6.6911
2018-07-17,6.7065
2018-07-18,6.7189
2018-07-19,6.7751
2018-07-20,6.7697
2018-07-23,6.7986
2018-07-24,6.7928
2018-07-25,6.7697
2018-07-26,6.7928
2018-07-27,6.8133
2018-07-30,6.8155
2018-07-31,6.8167
2018-08-01,6.823
2018-08-02,6.8428
2018-08-03,6.827
2018-08-06,6.8535
2018-08-07,6.8314
2018-08-08,6.8355
2018-08-09,6.821
2018-08-10,6.8467
2018-08-13,6.8912
2018-08-14,6.8842
2018-08-15,6.9348
2018-08-16,6.8853
2018-08-17,6.8775
2018-08-20,6.8577
2018-08-21,6.8472
2018-08-22,6.8418
2018-08-23,6.8778
2018-08-24,6.8105
2018-08-27,6.8156
2018-08-28,6.8031
2018-08-29,6.8212
2018-08-30,6.8445
2018-08-31,6.8315
2018-09-03,6.8228
2018-09-04,6.8442
2018-09-05,6.83
2018-09-06,6.8355
2018-09-07,6.8438
2018-09-10,6.8555
2018-09-11,6.873
2018-09-12,6.8517
2018-09-13,6.8448
2018-09-14,6.8675
2018-09-17,6.857
2018-09-18,6.8616
2018-09-19,6.8483
2018-09-20,6.8468
2018-09-21,6.8571
2018-09-25,6.8675
2018-09-26,6.8786
2018-09-27,6.8903
2018-09-28,6.8688
2018-10-08,6.9307
2018-10-09,6.9228
2018-10-10,6.9242
2018-10-11,6.8899
2018-10-12,6.922
2018-10-15,6.9168
2018-10-16,6.912
2018-10-17,6.9275
2018-10-18,6.9376
2018-10-19,6.929
2018-10-22,6.9475
2018-10-23,6.938
2018-10-24,6.944
2018-10-25,6.9489
2018-10-26,6.9435
2018-10-29,6.9622
2018-10-30,6.9672
2018-10-31,6.9757
2018-11-01,6.9234
2018-11-02,6.8907
2018-11-05,6.9257
2018-11-06,6.9194
2018-11-07,6.92
2018-11-08,6.9345
2018-11-09,6.9567
2018-11-12,6.9636
2018-11-13,6.956
2018-11-14,6.9505
2018-11-15,6.9392
2018-11-16,6.938
2018-11-19,6.942
2018-11-20,6.9453
2018-11-21,6.927
2018-11-22,6.932
2018-11-23,6.9485
2018-11-26,6.9408
2018-11-27,6.9515
2018-11-28,6.9539
2018-11-29,6.9425
2018-11-30,6.9605
2018-12-03,6.883
2018-12-04,6.836
2018-12-05,6.8568
2018-12-06,6.8827
2018-12-07,6.8743
2018-12-10,6.9117
2018-12-11,6.9
2018-12-12,6.88
2018-12-13,6.8816
2018-12-14,6.9076
2018-12-17,6.8972
2018-12-18,6.8953
2018-12-19,6.8911
2018-12-20,6.885
2018-12-21,6.9065
2018-12-24,6.8991
2018-12-25,6.8871
2018-12-26,6.8854
2018-12-27,6.8663
2018-12-28,6.8785
2019-01-02,6.862
2019-01-03,6.8721
2019-01-04,6.8692
2019-01-07,6.851
2019-01-08,6.8532
2019-01-09,6.816
2019-01-10,6.7882
2019-01-11,6.763
2019-01-14,6.7681
2019-01-15,6.761
2019-01-16,6.7568
2019-01-17,6.7764
2019-01-18,6.7773
2019-01-21,6.798
2019-01-22,6.808
2019-01-23,6.792
2019-01-24,6.7885
2019-01-25,6.7483
2019-01-28,6.7453
2019-01-29,6.7354
2019-01-30,6.7165
2019-01-31,6.7
2019-02-01,6.7448
2019-02-07,6.7451
2019-02-11,6.7923
2019-02-12,6.774
2019-02-13,6.7604
2019-02-14,6.772
2019-02-15,6.7732
2019-02-18,6.7667
2019-02-19,6.7587
2019-02-20,6.7213
2019-02-21,6.7226
2019-02-22,6.7137
2019-02-25,6.6891
2019-02-26,6.7002
2019-02-27,6.6872
2019-02-28,6.6941
2019-03-01,6.7062
2019-03-04,6.7073
2019-03-05,6.7076
2019-03-06,6.7112
2019-03-07,6.7149
2019-03-08,6.7214
2019-03-11,6.7265
2019-03-12,6.7086
2019-03-13,6.7071
2019-03-14,6.723
2019-03-15,6.7137
2019-03-18,6.713
2019-03-19,6.7119
2019-03-20,6.6945
2019-03-21,6.6993
2019-03-22,6.7182
2019-03-25,6.7094
2019-03-26,6.7157
2019-03-27,6.7271
2019-03-28,6.739
2019-03-29,6.7121
2019-04-01,6.7115
2019-04-02,6.7233
2019-04-03,6.7114
2019-04-04,6.717
2019-04-05,6.7079
2019-04-08,6.7164
2019-04-09,6.7119
2019-04-10,6.716
2019-04-11,6.7194
2019-04-12,6.7037
2019-04-15,6.7087
2019-04-16,6.7122
2019-04-17,6.6881
2019-04-18,6.709
2019-04-19,6.7042
2019-04-22,6.7139
2019-04-23,6.7259
2019-04-24,6.7219
2019-04-25,6.7435
2019-04-26,6.7288
2019-04-29,6.7336
2019-04-30,6.7348
2019-05-01,6.7343
2019-05-02,6.7345
2019-05-03,6.7354
2019-05-06,6.766
2019-05-07,6.7769
2019-05-08,6.7829
2019-05-09,6.8274
2019-05-10,6.8226
2019-05-13,6.8784
2019-05-14,6.8752
2019-05-15,6.8762
2019-05-16,6.8837
2019-05-17,6.9179
2019-05-20,6.9123
2019-05-21,6.902
2019-05-22,6.9063
2019-05-23,6.9105
2019-05-24,6.8989
