date,JPYclose
2001-05-08,121.34
2001-05-09,122.21
2001-05-10,122.58
2001-05-11,122.58
2001-05-14,123.26
2001-05-15,123.4
2001-05-16,123.5
2001-05-17,122.49
2001-05-18,123.61
2001-05-21,122.56
2001-05-22,122.7
2001-05-23,119.78
2001-05-24,120.03
2001-05-25,120.72
2001-05-28,121.04
2001-05-29,120.07
2001-05-30,120.3
2001-05-31,119.12
2001-06-01,119.05
2001-06-04,119.28
2001-06-05,120.3
2001-06-06,120.34
2001-06-07,119.98
2001-06-08,120.96
2001-06-11,121.9
2001-06-12,121.83
2001-06-13,122.07
2001-06-14,121.37
2001-06-15,123.1
2001-06-18,123.31
2001-06-19,123.07
2001-06-20,123.68
2001-06-21,124.41
2001-06-22,124.37
2001-06-25,123.81
2001-06-26,123.72
2001-06-27,124.25
2001-06-28,124.69
2001-06-29,124.76
2001-07-02,124.38
2001-07-03,124.39
2001-07-04,124.39
2001-07-05,125.73
2001-07-06,126.01
2001-07-09,125.41
2001-07-10,125.33
2001-07-11,124.34
2001-07-12,123.76
2001-07-13,124.86
2001-07-16,125.43
2001-07-17,125.08
2001-07-18,123.93
2001-07-19,123.37
2001-07-20,122.78
2001-07-23,124.42
2001-07-24,123.89
2001-07-25,123.65
2001-07-26,123.7
2001-07-27,123.61
2001-07-30,125.1
2001-07-31,125.05
2001-08-01,124.61
2001-08-02,123.76
2001-08-03,123.65
2001-08-06,123.84
2001-08-07,123.45
2001-08-08,123.38
2001-08-09,121.8
2001-08-10,122.05
2001-08-13,122.43
2001-08-14,121.66
2001-08-15,119.61
2001-08-16,119.83
2001-08-17,120.25
2001-08-20,120.7
2001-08-21,119.75
2001-08-22,120.43
2001-08-23,119.76
2001-08-24,120.12
2001-08-27,119.91
2001-08-28,120.12
2001-08-29,120.16
2001-08-30,119.33
2001-08-31,118.81
2001-09-03,118.76
2001-09-04,119.47
2001-09-05,120.69
2001-09-06,121.01
2001-09-07,120.12
2001-09-10,120.88
2001-09-11,119.34
2001-09-12,119.46
2001-09-13,118.67
2001-09-14,117.09
2001-09-17,117.83
2001-09-18,117.2
2001-09-19,117.43
2001-09-20,116.02
2001-09-21,116.77
2001-09-24,117.56
2001-09-25,117.58
2001-09-26,117.84
2001-09-27,119.6
2001-09-28,119.47
2001-10-01,120.19
2001-10-02,120.84
2001-10-03,120.75
2001-10-04,120.63
2001-10-05,120.37
2001-10-08,119.78
2001-10-09,120.25
2001-10-10,120.35
2001-10-11,121.4
2001-10-12,121.37
2001-10-15,120.94
2001-10-16,121.28
2001-10-17,121.23
2001-10-18,121.13
2001-10-19,121.12
2001-10-22,122.45
2001-10-23,122.7
2001-10-24,122.86
2001-10-25,122.9
2001-10-26,122.71
2001-10-29,122.03
2001-10-30,121.99
2001-10-31,122.31
2001-11-01,121.93
2001-11-02,121.76
2001-11-05,121.77
2001-11-06,121.04
2001-11-07,120.88
2001-11-08,120.04
2001-11-09,120.28
2001-11-12,120.41
2001-11-13,121.52
2001-11-14,121.51
2001-11-15,122.41
2001-11-16,122.86
2001-11-19,123.25
2001-11-20,122.65
2001-11-21,123.09
2001-11-22,123.91
2001-11-23,124.29
2001-11-26,124.1
2001-11-27,123.99
2001-11-28,123.02
2001-11-29,123.71
2001-11-30,123.47
2001-12-03,123.97
2001-12-04,124.11
2001-12-05,124.24
2001-12-06,124.68
2001-12-07,125.56
2001-12-10,126.15
2001-12-11,126.16
2001-12-12,126.19
2001-12-13,126.18
2001-12-14,127.26
2001-12-17,127.5
2001-12-18,127.78
2001-12-19,128.06
2001-12-20,128.54
2001-12-21,129.64
2001-12-24,129.87
2001-12-25,130.8
2001-12-26,130.71
2001-12-27,131.66
2001-12-28,131.03
2001-12-31,131.6
2002-01-01,131.6
2002-01-02,132.09
2002-01-03,131.74
2002-01-04,130.97
2002-01-07,131.06
2002-01-08,132.69
2002-01-09,132.6
2002-01-10,132.67
2002-01-11,131.91
2002-01-14,131.86
2002-01-15,131.26
2002-01-16,131.78
2002-01-17,132.35
2002-01-18,132.42
2002-01-21,132.49
2002-01-22,133.9
2002-01-23,134.24
2002-01-24,134.76
2002-01-25,134.31
2002-01-28,133.4
2002-01-29,133.41
2002-01-30,132.79
2002-01-31,134.7
2002-02-01,133.16
2002-02-04,132.26
2002-02-05,133.79
2002-02-06,133.54
2002-02-07,133.47
2002-02-08,134.63
2002-02-11,133.42
2002-02-12,132.58
2002-02-13,133.23
2002-02-14,132.05
2002-02-15,132.62
2002-02-18,132.61
2002-02-19,133.58
2002-02-20,133.65
2002-02-21,134.25
2002-02-22,134.13
2002-02-25,133.95
2002-02-26,134.65
2002-02-27,134.26
2002-02-28,133.65
2002-03-01,133.23
2002-03-04,132.23
2002-03-05,132.22
2002-03-06,130.8
2002-03-07,126.92
2002-03-08,128.58
2002-03-11,128.12
2002-03-12,128.65
2002-03-13,129.41
2002-03-14,129.15
2002-03-15,129.02
2002-03-18,131.34
2002-03-19,131.97
2002-03-20,131.45
2002-03-21,132.01
2002-03-22,132.82
2002-03-25,133.28
2002-03-26,132.83
2002-03-27,132.7
2002-03-28,132.65
2002-03-29,132.72
2002-04-01,133.42
2002-04-02,133.39
2002-04-03,132.68
2002-04-04,132.19
2002-04-05,131.54
2002-04-08,131.38
2002-04-09,130.98
2002-04-10,130.64
2002-04-11,131.51
2002-04-12,132.04
2002-04-15,131.88
2002-04-16,131.1
2002-04-17,130.75
2002-04-18,129.84
2002-04-19,130.34
2002-04-22,129.9
2002-04-23,130.11
2002-04-24,129.52
2002-04-25,128.59
2002-04-26,127.85
2002-04-29,128.04
2002-04-30,128.46
2002-05-01,127.4
2002-05-02,127.92
2002-05-03,127.01
2002-05-06,127.26
2002-05-07,127.95
2002-05-08,128.72
2002-05-09,128.36
2002-05-10,127.55
2002-05-13,127.66
2002-05-14,128.55
2002-05-15,127.67
2002-05-16,128.12
2002-05-17,125.79
2002-05-20,125.3
2002-05-21,123.89
2002-05-22,124.19
2002-05-23,124.89
2002-05-24,124.63
2002-05-27,124.71
2002-05-28,124.43
2002-05-29,124.3
2002-05-30,123.18
2002-05-31,124.23
2002-06-03,123.79
2002-06-04,123.91
2002-06-05,124.42
2002-06-06,124.26
2002-06-07,124.37
2002-06-10,124.66
2002-06-11,125.31
2002-06-12,125.64
2002-06-13,124.98
2002-06-14,124.06
2002-06-17,124.42
2002-06-18,124.32
2002-06-19,123.8
2002-06-20,123.4
2002-06-21,121.41
2002-06-24,121.24
2002-06-25,121.47
2002-06-26,119.7
2002-06-27,119.41
2002-06-28,119.5
2002-07-01,120.03
2002-07-02,120.19
2002-07-03,119.91
2002-07-04,120.21
2002-07-05,120.33
2002-07-08,118.53
2002-07-09,117.89
2002-07-10,117.61
2002-07-11,116.77
2002-07-12,116.83
2002-07-15,116.24
2002-07-16,116.02
2002-07-17,116.23
2002-07-18,116.6
2002-07-19,115.68
2002-07-22,116.37
2002-07-23,117.76
2002-07-24,116.25
2002-07-25,116.58
2002-07-26,118.92
2002-07-29,119.75
2002-07-30,120.14
2002-07-31,119.77
2002-08-01,119.32
2002-08-02,119.02
2002-08-05,119.67
2002-08-06,120.97
2002-08-07,120.14
2002-08-08,121.0
2002-08-09,120.13
2002-08-12,118.96
2002-08-13,118.86
2002-08-14,117.24
2002-08-15,117.14
2002-08-16,117.57
2002-08-19,118.51
2002-08-20,118.7
2002-08-21,118.46
2002-08-22,119.81
2002-08-23,119.67
2002-08-26,119.6
2002-08-27,118.12
2002-08-28,118.62
2002-08-29,118.26
2002-08-30,118.49
2002-09-02,118.05
2002-09-03,117.07
2002-09-04,118.0
2002-09-05,118.2
2002-09-06,118.53
2002-09-09,118.86
2002-09-10,119.86
2002-09-11,120.45
2002-09-12,120.11
2002-09-13,121.67
2002-09-16,122.25
2002-09-17,122.34
2002-09-18,121.96
2002-09-19,121.44
2002-09-20,123.44
2002-09-23,123.76
2002-09-24,123.23
2002-09-25,122.83
2002-09-26,122.6
2002-09-27,122.81
2002-09-30,121.75
2002-10-01,122.55
2002-10-02,122.98
2002-10-03,122.59
2002-10-04,123.19
2002-10-07,124.16
2002-10-08,124.38
2002-10-09,123.23
2002-10-10,123.61
2002-10-11,124.01
2002-10-14,124.25
2002-10-15,124.75
2002-10-16,124.43
2002-10-17,124.81
2002-10-18,125.45
2002-10-21,124.86
2002-10-22,125.07
2002-10-23,124.62
2002-10-24,124.58
2002-10-25,124.17
2002-10-28,123.55
2002-10-29,122.67
2002-10-30,122.84
2002-10-31,122.66
2002-11-01,122.1
2002-11-04,122.27
2002-11-05,121.81
2002-11-06,121.75
2002-11-07,121.23
2002-11-08,119.76
2002-11-11,119.53
2002-11-12,119.62
2002-11-13,120.26
2002-11-14,120.31
2002-11-15,120.35
2002-11-18,121.14
2002-11-19,122.13
2002-11-20,122.57
2002-11-21,122.7
2002-11-22,122.86
2002-11-25,122.04
2002-11-26,121.61
2002-11-27,122.33
2002-11-28,122.17
2002-11-29,122.52
2002-12-02,124.57
2002-12-03,124.62
2002-12-04,124.66
2002-12-05,124.95
2002-12-06,123.77
2002-12-09,123.43
2002-12-10,123.62
2002-12-11,123.58
2002-12-12,122.7
2002-12-13,120.48
2002-12-16,121.26
2002-12-17,121.23
2002-12-18,121.08
2002-12-19,120.52
2002-12-20,120.33
2002-12-23,120.44
2002-12-24,120.31
2002-12-25,120.25
2002-12-26,119.95
2002-12-27,119.82
2002-12-30,118.44
2002-12-31,118.73
2003-01-01,118.68
2003-01-02,119.94
2003-01-03,119.76
2003-01-06,119.01
2003-01-07,120.48
2003-01-08,119.03
2003-01-09,119.41
2003-01-10,119.14
2003-01-13,118.81
2003-01-14,117.99
2003-01-15,118.08
2003-01-16,117.78
2003-01-17,117.78
2003-01-20,117.92
2003-01-21,118.16
2003-01-22,118.36
2003-01-23,117.97
2003-01-24,117.77
2003-01-27,118.49
2003-01-28,118.61
2003-01-29,118.35
2003-01-30,119.2
2003-01-31,119.88
2003-02-03,120.29
2003-02-04,119.74
2003-02-05,120.01
2003-02-06,119.86
2003-02-07,120.18
2003-02-10,121.2
2003-02-11,121.1
2003-02-12,121.22
2003-02-13,120.54
2003-02-14,120.3
2003-02-17,120.15
2003-02-18,118.85
2003-02-19,118.62
2003-02-20,118.23
2003-02-21,118.78
2003-02-24,117.92
2003-02-25,117.2
2003-02-26,117.09
2003-02-27,117.52
2003-02-28,118.09
2003-03-03,117.6
2003-03-04,117.91
2003-03-05,117.29
2003-03-06,117.34
2003-03-07,116.98
2003-03-10,116.92
2003-03-11,117.15
2003-03-12,117.26
2003-03-13,118.5
2003-03-14,118.25
2003-03-17,118.4
2003-03-18,118.83
2003-03-19,120.61
2003-03-20,120.31
2003-03-21,121.54
2003-03-24,120.71
2003-03-25,120.16
2003-03-26,120.05
2003-03-27,120.01
2003-03-28,119.69
2003-03-31,118.17
2003-04-01,118.18
2003-04-02,118.9
2003-04-03,119.55
2003-04-04,119.97
2003-04-07,119.91
2003-04-08,119.86
2003-04-09,120.05
2003-04-10,119.68
2003-04-11,120.37
2003-04-14,120.25
2003-04-15,120.18
2003-04-16,119.4
2003-04-17,119.66
2003-04-18,119.75
2003-04-21,120.5
2003-04-22,119.93
2003-04-23,120.41
2003-04-24,119.92
2003-04-25,120.34
2003-04-28,120.44
2003-04-29,119.87
2003-04-30,118.92
2003-05-01,118.56
2003-05-02,118.95
2003-05-05,118.63
2003-05-06,117.7
2003-05-07,116.26
2003-05-08,116.9
2003-05-09,117.26
2003-05-12,116.95
2003-05-13,116.6
2003-05-14,116.1
2003-05-15,116.61
2003-05-16,115.91
2003-05-19,117.34
2003-05-20,116.71
2003-05-21,117.3
2003-05-22,117.23
2003-05-23,116.85
2003-05-26,116.72
2003-05-27,117.22
2003-05-28,118.69
2003-05-29,118.39
2003-05-30,119.27
2003-06-02,118.52
2003-06-03,119.04
2003-06-04,118.74
2003-06-05,117.77
2003-06-06,118.72
2003-06-09,118.1
2003-06-10,117.73
2003-06-11,117.79
2003-06-12,117.62
2003-06-13,117.34
2003-06-16,117.63
2003-06-17,118.14
2003-06-18,117.84
2003-06-19,118.35
2003-06-20,118.34
2003-06-23,117.63
2003-06-24,117.91
2003-06-25,118.05
2003-06-26,119.38
2003-06-27,119.75
2003-06-30,119.73
2003-07-01,119.46
2003-07-02,118.02
2003-07-03,118.33
2003-07-04,118.08
2003-07-07,118.21
2003-07-08,118.31
2003-07-09,117.67
2003-07-10,117.64
2003-07-11,117.61
2003-07-14,117.57
2003-07-15,117.76
2003-07-16,118.1
2003-07-17,118.78
2003-07-18,118.38
2003-07-21,118.56
2003-07-22,119.12
2003-07-23,118.93
2003-07-24,118.95
2003-07-25,118.83
2003-07-28,119.38
2003-07-29,119.81
2003-07-30,120.15
2003-07-31,120.53
2003-08-01,120.0
2003-08-04,120.32
2003-08-05,119.93
2003-08-06,120.2
2003-08-07,118.98
2003-08-08,119.08
2003-08-11,118.73
2003-08-12,118.47
2003-08-13,119.22
2003-08-14,119.15
2003-08-15,119.2
2003-08-18,119.51
2003-08-19,118.38
2003-08-20,118.02
2003-08-21,117.74
2003-08-22,117.64
2003-08-25,117.32
2003-08-26,117.25
2003-08-27,117.41
2003-08-28,117.35
2003-08-29,116.72
2003-09-01,116.56
2003-09-02,116.16
2003-09-03,116.01
2003-09-04,116.75
2003-09-05,116.78
2003-09-08,116.53
2003-09-09,116.8
2003-09-10,117.06
2003-09-11,117.04
2003-09-12,117.34
2003-09-15,117.43
2003-09-16,116.14
2003-09-17,116.21
2003-09-18,115.32
2003-09-19,114.27
2003-09-22,112.04
2003-09-23,112.08
2003-09-24,111.46
2003-09-25,112.06
2003-09-26,111.9
2003-09-29,110.96
2003-09-30,111.38
2003-10-01,111.16
2003-10-02,110.68
2003-10-03,110.87
2003-10-06,111.05
2003-10-07,109.91
2003-10-08,109.62
2003-10-09,109.08
2003-10-10,108.69
2003-10-13,109.01
2003-10-14,108.8
2003-10-15,109.54
2003-10-16,109.8
2003-10-17,109.33
2003-10-20,110.19
2003-10-21,109.55
2003-10-22,108.91
2003-10-23,109.56
2003-10-24,109.27
2003-10-27,108.43
2003-10-28,108.38
2003-10-29,108.26
2003-10-30,108.75
2003-10-31,110.0
2003-11-03,111.19
2003-11-04,109.58
2003-11-05,109.88
2003-11-06,110.24
2003-11-07,109.33
2003-11-10,108.34
2003-11-11,108.73
2003-11-12,108.76
2003-11-13,108.11
2003-11-14,108.3
2003-11-17,108.87
2003-11-18,108.01
2003-11-19,109.12
2003-11-20,108.94
2003-11-21,108.8
2003-11-24,109.26
2003-11-25,109.37
2003-11-26,109.11
2003-11-27,109.08
2003-11-28,109.58
2003-12-01,109.33
2003-12-02,108.66
2003-12-03,108.16
2003-12-04,108.22
2003-12-05,107.66
2003-12-08,107.36
2003-12-09,107.12
2003-12-10,108.36
2003-12-11,108.0
2003-12-12,107.83
2003-12-15,107.61
2003-12-16,107.51
2003-12-17,107.4
2003-12-18,107.58
2003-12-19,107.76
2003-12-22,107.49
2003-12-23,107.37
2003-12-24,107.3
2003-12-25,107.25
2003-12-26,107.41
2003-12-29,106.98
2003-12-30,106.98
2003-12-31,107.19
2004-01-01,107.29
2004-01-02,106.94
2004-01-05,106.09
2004-01-06,106.19
2004-01-07,106.19
2004-01-08,106.16
2004-01-09,106.76
2004-01-12,106.58
2004-01-13,106.23
2004-01-14,106.09
2004-01-15,106.25
2004-01-16,106.62
2004-01-19,107.26
2004-01-20,106.87
2004-01-21,106.83
2004-01-22,106.05
2004-01-23,106.69
2004-01-26,106.37
2004-01-27,105.58
2004-01-28,106.19
2004-01-29,105.87
2004-01-30,105.76
2004-02-02,105.55
2004-02-03,105.41
2004-02-04,105.41
2004-02-05,105.76
2004-02-06,105.41
2004-02-09,105.76
2004-02-10,105.58
2004-02-11,105.33
2004-02-12,105.37
2004-02-13,105.4
2004-02-16,105.45
2004-02-17,105.69
2004-02-18,106.58
2004-02-19,107.01
2004-02-20,109.0
2004-02-23,108.29
2004-02-24,108.19
2004-02-25,108.91
2004-02-26,109.55
2004-02-27,109.12
2004-03-01,108.94
2004-03-02,110.04
2004-03-03,110.03
2004-03-04,111.08
2004-03-05,112.04
2004-03-08,111.23
2004-03-09,111.23
2004-03-10,110.87
2004-03-11,110.8
2004-03-12,110.93
2004-03-15,110.3
2004-03-16,108.8
2004-03-17,108.16
2004-03-18,106.83
2004-03-19,106.66
2004-03-22,106.73
2004-03-23,106.66
2004-03-24,106.36
2004-03-25,106.12
2004-03-26,105.95
2004-03-29,105.48
2004-03-30,105.69
2004-03-31,104.23
2004-04-01,103.81
2004-04-02,104.44
2004-04-05,105.11
2004-04-06,105.75
2004-04-07,105.19
2004-04-08,106.4
2004-04-09,106.44
2004-04-12,105.37
2004-04-13,106.8
2004-04-14,108.62
2004-04-15,108.19
2004-04-16,107.8
2004-04-19,108.36
2004-04-20,108.94
2004-04-21,109.33
2004-04-22,109.37
2004-04-23,108.87
2004-04-26,108.65
2004-04-27,109.51
2004-04-28,110.01
2004-04-29,109.94
2004-04-30,110.36
2004-05-03,110.34
2004-05-04,109.69
2004-05-05,108.66
2004-05-06,109.75
2004-05-07,112.22
2004-05-10,113.75
2004-05-11,113.3
2004-05-12,113.18
2004-05-13,114.49
2004-05-14,114.23
2004-05-17,114.4
2004-05-18,114.13
2004-05-19,112.83
2004-05-20,112.69
2004-05-21,112.37
2004-05-24,113.19
2004-05-25,111.83
2004-05-26,111.86
2004-05-27,111.0
2004-05-28,109.94
2004-05-31,109.25
2004-06-01,110.63
2004-06-02,110.06
2004-06-03,111.16
2004-06-04,111.03
2004-06-07,109.7
2004-06-08,109.71
2004-06-09,110.5
2004-06-10,109.28
2004-06-11,110.04
2004-06-14,111.19
2004-06-15,109.31
2004-06-16,110.08
2004-06-17,109.58
2004-06-18,108.82
2004-06-21,108.79
2004-06-22,109.28
2004-06-23,108.56
2004-06-24,107.22
2004-06-25,107.71
2004-06-28,108.03
2004-06-29,108.31
2004-06-30,108.87
2004-07-01,108.44
2004-07-02,108.26
2004-07-05,109.02
2004-07-06,109.41
2004-07-07,108.43
2004-07-08,108.79
2004-07-09,108.22
2004-07-12,108.19
2004-07-13,108.41
2004-07-14,109.12
2004-07-15,109.79
2004-07-16,108.73
2004-07-19,108.22
2004-07-20,108.51
2004-07-21,109.94
2004-07-22,109.75
2004-07-23,110.15
2004-07-26,109.94
2004-07-27,110.87
2004-07-28,111.69
2004-07-29,112.08
2004-07-30,111.43
2004-08-02,110.8
2004-08-03,110.65
2004-08-04,111.01
2004-08-05,111.73
2004-08-06,110.44
2004-08-09,110.66
2004-08-10,111.26
2004-08-11,110.73
2004-08-12,110.83
2004-08-13,110.69
2004-08-16,110.43
2004-08-17,109.98
2004-08-18,109.37
2004-08-19,109.37
2004-08-20,109.19
2004-08-23,109.83
2004-08-24,109.58
2004-08-25,110.16
2004-08-26,109.62
2004-08-27,109.62
2004-08-30,109.83
2004-08-31,109.12
2004-09-01,109.4
2004-09-02,109.47
2004-09-03,110.51
2004-09-06,110.12
2004-09-07,109.33
2004-09-08,109.33
2004-09-09,109.51
2004-09-10,109.58
2004-09-13,110.08
2004-09-14,109.55
2004-09-15,110.01
2004-09-16,109.55
2004-09-17,109.58
2004-09-20,109.87
2004-09-21,109.76
2004-09-22,110.55
2004-09-23,110.8
2004-09-24,110.61
2004-09-27,111.23
2004-09-28,111.33
2004-09-29,110.83
2004-09-30,110.05
2004-10-01,110.51
2004-10-04,110.87
2004-10-05,111.08
2004-10-06,111.3
2004-10-07,111.12
2004-10-08,109.41
2004-10-11,109.26
2004-10-12,109.69
2004-10-13,109.69
2004-10-14,109.58
2004-10-15,109.19
2004-10-18,109.33
2004-10-19,108.36
2004-10-20,108.26
2004-10-21,107.51
2004-10-22,107.23
2004-10-25,106.69
2004-10-26,106.68
2004-10-27,106.58
2004-10-28,106.25
2004-10-29,105.87
2004-11-01,106.4
2004-11-02,106.05
2004-11-03,106.18
2004-11-04,106.05
2004-11-05,105.69
2004-11-08,105.5
2004-11-09,105.65
2004-11-10,106.98
2004-11-11,106.58
2004-11-12,105.48
2004-11-15,105.25
2004-11-16,105.3
2004-11-17,104.04
2004-11-18,104.19
2004-11-19,103.05
2004-11-22,103.08
2004-11-23,103.25
2004-11-24,102.79
2004-11-25,102.37
2004-11-26,102.51
2004-11-29,102.83
2004-11-30,102.98
2004-12-01,102.55
2004-12-02,103.18
2004-12-03,102.01
2004-12-06,103.16
2004-12-07,102.94
2004-12-08,103.94
2004-12-09,104.62
2004-12-10,105.12
2004-12-13,104.75
2004-12-14,105.51
2004-12-15,104.19
2004-12-16,104.76
2004-12-17,104.19
2004-12-20,104.08
2004-12-21,104.33
2004-12-22,104.19
2004-12-23,103.55
2004-12-24,103.66
2004-12-27,103.05
2004-12-28,103.01
2004-12-29,103.8
2004-12-30,103.05
2004-12-31,102.33
2005-01-03,102.76
2005-01-04,104.55
2005-01-05,104.12
2005-01-06,105.0
2005-01-07,104.75
2005-01-10,104.3
2005-01-11,103.29
2005-01-12,102.4
2005-01-13,102.37
2005-01-14,102.05
2005-01-17,102.08
2005-01-18,102.26
2005-01-19,102.72
2005-01-20,103.4
2005-01-21,102.61
2005-01-24,102.58
2005-01-25,104.0
2005-01-26,102.97
2005-01-27,102.77
2005-01-28,103.26
2005-01-31,103.66
2005-02-01,103.61
2005-02-02,103.74
2005-02-03,104.57
2005-02-04,104.05
2005-02-07,104.79
2005-02-08,105.58
2005-02-09,105.73
2005-02-10,105.75
2005-02-11,105.78
2005-02-14,105.15
2005-02-15,104.43
2005-02-16,105.38
2005-02-17,105.51
2005-02-18,105.61
2005-02-21,105.55
2005-02-22,104.01
2005-02-23,104.77
2005-02-24,105.36
2005-02-25,105.18
2005-02-28,104.62
2005-03-01,104.34
2005-03-02,104.73
2005-03-03,105.26
2005-03-04,104.76
2005-03-07,105.15
2005-03-08,104.69
2005-03-09,103.95
2005-03-10,104.1
2005-03-11,103.99
2005-03-14,104.82
2005-03-15,104.53
2005-03-16,104.13
2005-03-17,104.5
2005-03-18,104.72
2005-03-21,105.18
2005-03-22,105.59
2005-03-23,105.94
2005-03-24,106.3
2005-03-25,106.37
2005-03-28,107.14
2005-03-29,107.53
2005-03-30,107.53
2005-03-31,107.11
2005-04-01,107.51
2005-04-04,108.26
2005-04-05,108.25
2005-04-06,108.61
2005-04-07,108.62
2005-04-08,108.16
2005-04-11,107.82
2005-04-12,107.7
2005-04-13,107.31
2005-04-14,108.11
2005-04-15,107.71
2005-04-18,107.34
2005-04-19,106.88
2005-04-20,106.89
2005-04-21,106.94
2005-04-22,106.02
2005-04-25,105.63
2005-04-26,106.06
2005-04-27,105.69
2005-04-28,106.13
2005-04-29,104.69
2005-05-02,105.11
2005-05-03,104.94
2005-05-04,104.51
2005-05-05,104.49
2005-05-06,105.01
2005-05-09,105.64
2005-05-10,105.57
2005-05-11,105.81
2005-05-12,106.79
2005-05-13,107.31
2005-05-16,106.92
2005-05-17,107.4
2005-05-18,107.03
2005-05-19,107.63
2005-05-20,108.15
2005-05-23,107.66
2005-05-24,107.63
2005-05-25,107.6
2005-05-26,107.92
2005-05-27,108.01
2005-05-30,107.96
2005-05-31,108.45
2005-06-01,108.57
2005-06-02,108.21
2005-06-03,107.57
2005-06-06,106.88
2005-06-07,106.6
2005-06-08,107.2
2005-06-09,107.41
2005-06-10,108.65
2005-06-13,109.52
2005-06-14,109.39
2005-06-15,109.2
2005-06-16,108.89
2005-06-17,108.58
2005-06-20,109.32
2005-06-21,108.28
2005-06-22,108.81
2005-06-23,108.93
2005-06-24,109.02
2005-06-27,109.21
2005-06-28,109.85
2005-06-29,110.39
2005-06-30,110.73
2005-07-01,111.74
2005-07-04,111.59
2005-07-05,111.65
2005-07-06,112.16
2005-07-07,111.99
2005-07-08,112.26
2005-07-11,111.68
2005-07-12,110.84
2005-07-13,111.92
2005-07-14,112.22
2005-07-15,112.21
2005-07-18,111.91
2005-07-19,112.74
2005-07-20,112.79
2005-07-21,110.36
2005-07-22,111.31
2005-07-25,111.39
2005-07-26,112.46
2005-07-27,112.4
2005-07-28,112.16
2005-07-29,112.71
2005-08-01,112.32
2005-08-02,111.37
2005-08-03,111.11
2005-08-04,111.2
2005-08-05,111.8
2005-08-08,112.14
2005-08-09,111.86
2005-08-10,110.62
2005-08-11,109.69
2005-08-12,109.44
2005-08-15,109.28
2005-08-16,109.58
2005-08-17,109.76
2005-08-18,110.51
2005-08-19,110.4
2005-08-22,109.71
2005-08-23,109.91
2005-08-24,110.19
2005-08-25,110.03
2005-08-26,110.19
2005-08-29,110.67
2005-08-30,111.23
2005-08-31,110.6
2005-09-01,109.83
2005-09-02,109.59
2005-09-05,109.14
2005-09-06,109.6
2005-09-07,110.03
2005-09-08,110.49
2005-09-09,109.68
2005-09-12,110.32
2005-09-13,110.63
2005-09-14,110.32
2005-09-15,110.65
2005-09-16,111.34
2005-09-19,111.47
2005-09-20,111.96
2005-09-21,111.25
2005-09-22,111.64
2005-09-23,112.4
2005-09-26,112.16
2005-09-27,113.21
2005-09-28,112.99
2005-09-29,113.12
2005-09-30,113.5
2005-10-03,114.13
2005-10-04,114.28
2005-10-05,113.83
2005-10-06,113.23
2005-10-07,113.77
2005-10-10,114.12
2005-10-11,114.49
2005-10-12,114.31
2005-10-13,114.44
2005-10-14,113.99
2005-10-17,114.91
2005-10-18,115.65
2005-10-19,115.34
2005-10-20,115.31
2005-10-21,115.9
2005-10-24,115.36
2005-10-25,114.99
2005-10-26,115.88
2005-10-27,115.4
2005-10-28,115.66
2005-10-31,116.39
2005-11-01,116.72
2005-11-02,116.88
2005-11-03,117.16
2005-11-04,118.19
2005-11-07,117.67
2005-11-08,117.26
2005-11-09,117.5
2005-11-10,118.21
2005-11-11,117.96
2005-11-14,118.81
2005-11-15,118.9
2005-11-16,119.18
2005-11-17,118.62
2005-11-18,119.13
2005-11-21,118.89
2005-11-22,118.79
2005-11-23,118.79
2005-11-24,118.9
2005-11-25,119.61
2005-11-28,118.58
2005-11-29,119.51
2005-11-30,119.8
2005-12-01,120.41
2005-12-02,120.51
2005-12-05,120.77
2005-12-06,120.74
2005-12-07,120.97
2005-12-08,120.28
2005-12-09,120.59
2005-12-12,119.77
2005-12-13,119.94
2005-12-14,117.36
2005-12-15,116.31
2005-12-16,115.71
2005-12-19,115.96
2005-12-20,117.06
2005-12-21,117.35
2005-12-22,116.69
2005-12-23,116.29
2005-12-26,116.27
2005-12-27,117.43
2005-12-28,117.91
2005-12-29,117.82
2005-12-30,118.02
2006-01-02,117.88
2006-01-03,116.19
2006-01-04,116.08
2006-01-05,115.9
2006-01-06,114.38
2006-01-09,114.48
2006-01-10,114.32
2006-01-11,114.13
2006-01-12,114.36
2006-01-13,114.18
2006-01-16,114.94
2006-01-17,115.46
2006-01-18,115.2
2006-01-19,115.36
2006-01-20,115.22
2006-01-23,114.43
2006-01-24,114.68
2006-01-25,115.82
2006-01-26,116.42
2006-01-27,117.28
2006-01-30,117.6
2006-01-31,117.19
2006-02-01,117.99
2006-02-02,118.55
2006-02-03,118.94
2006-02-06,119.01
2006-02-07,117.88
2006-02-08,118.5
2006-02-09,118.83
2006-02-10,117.92
2006-02-13,117.75
2006-02-14,117.36
2006-02-15,117.87
2006-02-16,117.59
2006-02-17,118.18
2006-02-20,118.24
2006-02-21,118.67
2006-02-22,118.53
2006-02-23,117.11
2006-02-24,116.85
2006-02-27,116.17
2006-02-28,115.74
2006-03-01,116.08
2006-03-02,115.86
2006-03-03,116.44
2006-03-06,117.55
2006-03-07,117.86
2006-03-08,117.81
2006-03-09,118.19
2006-03-10,119.06
2006-03-13,118.8
2006-03-14,117.58
2006-03-15,117.36
2006-03-16,116.78
2006-03-17,115.82
2006-03-20,116.36
2006-03-21,117.27
2006-03-22,116.98
2006-03-23,117.88
2006-03-24,117.48
2006-03-27,116.73
2006-03-28,117.93
2006-03-29,117.78
2006-03-30,117.34
2006-03-31,117.69
2006-04-03,117.75
2006-04-04,117.51
2006-04-05,117.33
2006-04-06,117.77
2006-04-07,118.27
2006-04-10,118.31
2006-04-11,118.31
2006-04-12,118.46
2006-04-13,118.53
2006-04-14,118.65
2006-04-17,117.78
2006-04-18,117.06
2006-04-19,117.24
2006-04-20,117.47
2006-04-21,116.65
2006-04-24,114.75
2006-04-25,114.82
2006-04-26,114.82
2006-04-27,114.19
2006-04-28,113.84
2006-05-01,113.5
2006-05-02,113.4
2006-05-03,113.59
2006-05-04,113.54
2006-05-05,112.45
2006-05-08,111.76
2006-05-09,111.04
2006-05-10,110.51
2006-05-11,110.63
2006-05-12,110.01
2006-05-15,110.47
2006-05-16,109.67
2006-05-17,111.1
2006-05-18,110.73
2006-05-19,111.72
2006-05-22,111.41
2006-05-23,111.89
2006-05-24,112.87
2006-05-25,111.65
2006-05-26,112.69
2006-05-29,112.39
2006-05-30,112.16
2006-05-31,112.6
2006-06-01,112.54
2006-06-02,111.57
2006-06-05,112.17
2006-06-06,113.2
2006-06-07,113.39
2006-06-08,114.12
2006-06-09,113.97
2006-06-12,114.42
2006-06-13,115.3
2006-06-14,114.96
2006-06-15,114.81
2006-06-16,115.11
2006-06-19,115.47
2006-06-20,114.86
2006-06-21,114.81
2006-06-22,116.11
2006-06-23,116.55
2006-06-26,116.25
2006-06-27,116.24
2006-06-28,116.41
2006-06-29,115.0
2006-06-30,114.42
2006-07-03,114.71
2006-07-04,114.89
2006-07-05,115.69
2006-07-06,115.11
2006-07-07,113.9
2006-07-10,114.21
2006-07-11,114.26
2006-07-12,115.46
2006-07-13,115.37
2006-07-14,116.2
2006-07-17,117.11
2006-07-18,117.29
2006-07-19,116.83
2006-07-20,117.03
2006-07-21,116.18
2006-07-24,116.63
2006-07-25,117.16
2006-07-26,116.3
2006-07-27,115.74
2006-07-28,114.78
2006-07-31,114.62
2006-08-01,114.62
2006-08-02,114.66
2006-08-03,114.96
2006-08-04,114.4
2006-08-07,115.2
2006-08-08,115.33
2006-08-09,115.31
2006-08-10,115.22
2006-08-11,116.3
2006-08-14,116.62
2006-08-15,116.07
2006-08-16,115.82
2006-08-17,116.05
2006-08-18,115.8
2006-08-21,115.93
2006-08-22,116.49
2006-08-23,116.37
2006-08-24,116.48
2006-08-25,117.27
2006-08-28,117.21
2006-08-29,116.64
2006-08-30,117.12
2006-08-31,117.38
2006-09-01,117.09
2006-09-04,116.13
2006-09-05,116.12
2006-09-06,116.67
2006-09-07,116.45
2006-09-08,116.89
2006-09-11,117.62
2006-09-12,117.89
2006-09-13,117.47
2006-09-14,117.54
2006-09-15,117.54
2006-09-18,117.9
2006-09-19,117.66
2006-09-20,117.36
2006-09-21,116.4
2006-09-22,116.51
2006-09-25,116.54
2006-09-26,117.11
2006-09-27,117.45
2006-09-28,117.77
2006-09-29,118.17
2006-10-02,117.72
2006-10-03,117.96
2006-10-04,117.81
2006-10-05,117.74
2006-10-06,119.01
2006-10-09,119.08
2006-10-10,119.67
2006-10-11,119.66
2006-10-12,119.33
2006-10-13,119.62
2006-10-16,119.03
2006-10-17,118.46
2006-10-18,118.89
2006-10-19,118.22
2006-10-20,118.7
2006-10-23,119.34
2006-10-24,119.42
2006-10-25,119.01
2006-10-26,118.41
2006-10-27,117.6
2006-10-30,117.46
2006-10-31,116.96
2006-11-01,117.04
2006-11-02,117.15
2006-11-03,118.0
2006-11-06,118.28
2006-11-07,117.67
2006-11-08,117.85
2006-11-09,117.9
2006-11-10,117.54
2006-11-13,118.15
2006-11-14,117.6
2006-11-15,118.01
2006-11-16,118.21
2006-11-17,117.74
2006-11-20,118.02
2006-11-21,117.92
2006-11-22,116.72
2006-11-23,116.28
2006-11-24,115.83
2006-11-27,116.09
2006-11-28,116.16
2006-11-29,116.39
2006-11-30,115.8
2006-12-01,115.43
2006-12-04,115.28
2006-12-05,114.88
2006-12-06,115.25
2006-12-07,115.25
2006-12-08,116.32
2006-12-11,116.97
2006-12-12,116.76
2006-12-13,117.56
2006-12-14,117.83
2006-12-15,118.16
2006-12-18,118.13
2006-12-19,118.1
2006-12-20,118.43
2006-12-21,118.33
2006-12-22,118.84
2006-12-25,118.73
2006-12-26,119.14
2006-12-27,118.77
2006-12-28,118.91
2006-12-29,119.05
2007-01-01,119.02
2007-01-02,118.83
2007-01-03,119.36
2007-01-04,119.04
2007-01-05,118.62
2007-01-08,118.8
2007-01-09,119.38
2007-01-10,119.67
2007-01-11,120.49
2007-01-12,120.32
2007-01-15,120.43
2007-01-16,120.66
2007-01-17,120.66
2007-01-18,121.21
2007-01-19,121.22
2007-01-22,121.67
2007-01-23,121.65
2007-01-24,121.19
2007-01-25,121.24
2007-01-26,121.52
2007-01-29,121.75
2007-01-30,121.63
2007-01-31,120.63
2007-02-01,120.78
2007-02-02,121.1
2007-02-05,120.32
2007-02-06,120.11
2007-02-07,120.68
2007-02-08,121.03
2007-02-09,121.7
2007-02-12,121.93
2007-02-13,121.16
2007-02-14,120.78
2007-02-15,119.25
2007-02-16,119.41
2007-02-19,119.54
2007-02-20,120.01
2007-02-21,120.88
2007-02-22,121.56
2007-02-23,121.06
2007-02-26,120.65
2007-02-27,117.92
2007-02-28,118.52
2007-03-01,117.54
2007-03-02,116.8
2007-03-05,115.51
2007-03-06,116.6
2007-03-07,116.01
2007-03-08,117.15
2007-03-09,118.32
2007-03-12,117.66
2007-03-13,116.28
2007-03-14,117.06
2007-03-15,117.57
2007-03-16,116.73
2007-03-19,117.52
2007-03-20,117.27
2007-03-21,117.5
2007-03-22,118.13
2007-03-23,118.07
2007-03-26,118.11
2007-03-27,117.8
2007-03-28,116.84
2007-03-29,118.06
2007-03-30,117.81
2007-04-02,117.85
2007-04-03,118.94
2007-04-04,118.7
2007-04-05,118.72
2007-04-06,119.25
2007-04-09,119.31
2007-04-10,119.05
2007-04-11,119.33
2007-04-12,119.15
2007-04-13,119.23
2007-04-16,119.73
2007-04-17,118.91
2007-04-18,118.67
2007-04-19,118.43
2007-04-20,118.67
2007-04-23,118.64
2007-04-24,118.58
2007-04-25,118.74
2007-04-26,119.58
2007-04-27,119.61
2007-04-30,119.49
2007-05-01,119.83
2007-05-02,120.15
2007-05-03,120.42
2007-05-04,120.18
2007-05-07,120.09
2007-05-08,120.03
2007-05-09,120.09
2007-05-10,119.88
2007-05-11,120.18
2007-05-14,120.34
2007-05-15,120.26
2007-05-16,120.8
2007-05-17,121.29
2007-05-18,121.11
2007-05-21,121.45
2007-05-22,121.54
2007-05-23,121.65
2007-05-24,121.39
2007-05-25,121.78
2007-05-28,121.71
2007-05-29,121.65
2007-05-30,121.65
2007-05-31,121.72
2007-06-01,122.07
2007-06-04,121.77
2007-06-05,121.37
2007-06-06,121.07
2007-06-07,120.97
2007-06-08,121.71
2007-06-11,121.71
2007-06-12,121.69
2007-06-13,122.7
2007-06-14,122.91
2007-06-15,123.43
2007-06-18,123.66
2007-06-19,123.34
2007-06-20,123.56
2007-06-21,123.72
2007-06-22,123.87
2007-06-25,123.66
2007-06-26,123.25
2007-06-27,122.83
2007-06-28,123.16
2007-06-29,123.16
2007-07-02,122.41
2007-07-03,122.44
2007-07-04,122.69
2007-07-05,122.92
2007-07-06,123.33
2007-07-09,123.39
2007-07-10,121.72
2007-07-11,122.48
2007-07-12,122.41
2007-07-13,121.91
2007-07-16,121.88
2007-07-17,122.32
2007-07-18,121.94
2007-07-19,122.0
2007-07-20,121.26
2007-07-23,121.09
2007-07-24,120.24
2007-07-25,120.49
2007-07-26,118.67
2007-07-27,118.6
2007-07-30,119.05
2007-07-31,118.59
2007-08-01,118.93
2007-08-02,119.2
2007-08-03,118.04
2007-08-06,118.86
2007-08-07,118.81
2007-08-08,119.71
2007-08-09,118.15
2007-08-10,118.39
2007-08-13,118.24
2007-08-14,117.56
2007-08-15,116.6
2007-08-16,113.87
2007-08-17,114.37
2007-08-20,114.87
2007-08-21,114.42
2007-08-22,115.31
2007-08-23,116.33
2007-08-24,116.1
2007-08-27,115.67
2007-08-28,114.15
2007-08-29,116.12
2007-08-30,115.84
2007-08-31,115.76
2007-09-03,115.93
2007-09-04,116.15
2007-09-05,115.08
2007-09-06,115.4
2007-09-07,113.37
2007-09-10,113.64
2007-09-11,114.31
2007-09-12,114.17
2007-09-13,114.79
2007-09-14,115.36
2007-09-17,115.07
2007-09-18,115.99
2007-09-19,115.89
2007-09-20,114.61
2007-09-21,115.47
2007-09-24,114.9
2007-09-25,114.61
2007-09-26,115.45
2007-09-27,115.57
2007-09-28,114.79
2007-10-01,115.75
2007-10-02,115.64
2007-10-03,116.68
2007-10-04,116.36
2007-10-05,116.97
2007-10-08,117.37
2007-10-09,117.09
2007-10-10,117.19
2007-10-11,117.3
2007-10-12,117.6
2007-10-15,117.42
2007-10-16,116.86
2007-10-17,116.58
2007-10-18,115.6
2007-10-19,114.51
2007-10-22,114.49
2007-10-23,114.69
2007-10-24,114.18
2007-10-25,114.17
2007-10-26,114.17
2007-10-29,114.62
2007-10-30,114.64
2007-10-31,115.23
2007-11-01,114.54
2007-11-02,114.83
2007-11-05,114.52
2007-11-06,114.71
2007-11-07,112.61
2007-11-08,112.65
2007-11-09,110.67
2007-11-12,109.4
2007-11-13,110.92
2007-11-14,111.33
2007-11-15,110.29
2007-11-16,111.07
2007-11-19,109.79
2007-11-20,109.98
2007-11-21,108.37
2007-11-22,108.41
2007-11-23,108.26
2007-11-26,107.39
2007-11-27,108.97
2007-11-28,110.03
2007-11-29,109.93
2007-11-30,111.2
2007-12-03,110.44
2007-12-04,109.79
2007-12-05,110.89
2007-12-06,111.28
2007-12-07,111.65
2007-12-10,111.68
2007-12-11,110.63
2007-12-12,112.22
2007-12-13,112.2
2007-12-14,113.26
2007-12-17,112.91
2007-12-18,113.36
2007-12-19,113.42
2007-12-20,113.12
2007-12-21,113.97
2007-12-24,114.27
2007-12-25,114.15
2007-12-26,114.32
2007-12-27,113.69
2007-12-28,112.79
2007-12-31,111.66
2008-01-01,111.64
2008-01-02,109.62
2008-01-03,109.28
2008-01-04,108.45
2008-01-07,109.16
2008-01-08,108.91
2008-01-09,110.01
2008-01-10,109.3
2008-01-11,108.82
2008-01-14,108.16
2008-01-15,106.76
2008-01-16,107.62
2008-01-17,106.55
2008-01-18,106.82
2008-01-21,105.94
2008-01-22,106.43
2008-01-23,106.7
2008-01-24,107.14
2008-01-25,107.01
2008-01-28,106.89
2008-01-29,107.08
2008-01-30,106.27
2008-01-31,106.41
2008-02-01,106.42
2008-02-04,106.67
2008-02-05,106.78
2008-02-06,106.59
2008-02-07,107.48
2008-02-08,107.36
2008-02-11,106.94
2008-02-12,107.33
2008-02-13,108.31
2008-02-14,107.84
2008-02-15,107.69
2008-02-18,108.2
2008-02-19,107.73
2008-02-20,108.13
2008-02-21,107.38
2008-02-22,106.92
2008-02-25,108.05
2008-02-26,107.3
2008-02-27,106.44
2008-02-28,105.31
2008-02-29,103.94
2008-03-03,103.43
2008-03-04,103.33
2008-03-05,104.02
2008-03-06,102.63
2008-03-07,102.55
2008-03-10,101.71
2008-03-11,103.42
2008-03-12,101.34
2008-03-13,100.43
2008-03-14,99.25
2008-03-17,97.22
2008-03-18,100.02
2008-03-19,98.61
2008-03-20,99.3
2008-03-21,99.57
2008-03-24,100.57
2008-03-25,99.98
2008-03-26,99.18
2008-03-27,99.67
2008-03-28,99.19
2008-03-31,99.91
2008-04-01,101.77
2008-04-02,102.29
2008-04-03,102.26
2008-04-04,101.46
2008-04-07,102.37
2008-04-08,102.55
2008-04-09,101.72
2008-04-10,101.76
2008-04-11,100.97
2008-04-14,101.09
2008-04-15,101.83
2008-04-16,101.78
2008-04-17,102.5
2008-04-18,103.67
2008-04-21,103.24
2008-04-22,102.86
2008-04-23,103.42
2008-04-24,104.3
2008-04-25,104.41
2008-04-28,104.21
2008-04-29,104.08
2008-04-30,103.97
2008-05-01,104.39
2008-05-02,105.39
2008-05-05,104.93
2008-05-06,104.72
2008-05-07,104.65
2008-05-08,103.75
2008-05-09,102.85
2008-05-12,103.84
2008-05-13,104.67
2008-05-14,104.96
2008-05-15,104.69
2008-05-16,104.03
2008-05-19,104.32
2008-05-20,103.62
2008-05-21,103.25
2008-05-22,104.12
2008-05-23,103.36
2008-05-26,103.37
2008-05-27,104.28
2008-05-28,104.67
2008-05-29,105.57
2008-05-30,105.5
2008-06-02,104.41
2008-06-03,105.14
2008-06-04,105.26
2008-06-05,105.95
2008-06-06,104.91
2008-06-09,106.27
2008-06-10,107.36
2008-06-11,106.82
2008-06-12,107.89
2008-06-13,108.18
2008-06-16,108.2
2008-06-17,107.96
2008-06-18,107.85
2008-06-19,107.93
2008-06-20,107.32
2008-06-23,107.85
2008-06-24,107.83
2008-06-25,107.87
2008-06-26,106.85
2008-06-27,106.13
2008-06-30,106.07
2008-07-01,106.03
2008-07-02,105.83
2008-07-03,106.77
2008-07-04,106.79
2008-07-07,107.13
2008-07-08,107.43
2008-07-09,106.8
2008-07-10,107.05
2008-07-11,106.28
2008-07-14,106.18
2008-07-15,104.63
2008-07-16,105.09
2008-07-17,106.16
2008-07-18,106.94
2008-07-21,106.44
2008-07-22,107.29
2008-07-23,107.91
2008-07-24,107.39
2008-07-25,107.82
2008-07-28,107.49
2008-07-29,108.15
2008-07-30,108.07
2008-07-31,107.83
2008-08-01,107.68
2008-08-04,108.2
2008-08-05,108.29
2008-08-06,109.59
2008-08-07,109.33
2008-08-08,110.17
2008-08-11,110.12
2008-08-12,109.29
2008-08-13,109.49
2008-08-14,109.78
2008-08-15,110.49
2008-08-18,110.13
2008-08-19,109.66
2008-08-20,109.81
2008-08-21,108.47
2008-08-22,110.09
2008-08-25,109.32
2008-08-26,109.65
2008-08-27,109.52
2008-08-28,109.43
2008-08-29,108.77
2008-09-01,108.13
2008-09-02,108.59
2008-09-03,108.22
2008-09-04,106.47
2008-09-05,107.72
2008-09-08,108.13
2008-09-09,106.82
2008-09-10,107.77
2008-09-11,107.14
2008-09-12,107.92
2008-09-15,104.29
2008-09-16,105.64
2008-09-17,104.33
2008-09-18,105.54
2008-09-19,107.43
2008-09-22,105.42
2008-09-23,105.8
2008-09-24,106.18
2008-09-25,106.45
2008-09-26,106.03
2008-09-29,103.98
2008-09-30,105.98
2008-10-01,105.83
2008-10-02,105.34
2008-10-03,105.3
2008-10-06,101.53
2008-10-07,101.53
2008-10-08,99.1
2008-10-09,99.66
2008-10-10,100.72
2008-10-13,101.94
2008-10-14,102.13
2008-10-15,99.84
2008-10-16,101.66
2008-10-17,101.65
2008-10-20,102.12
2008-10-21,100.36
2008-10-22,97.95
2008-10-23,97.96
2008-10-24,94.28
2008-10-27,93.62
2008-10-28,99.3
2008-10-29,97.36
2008-10-30,98.59
2008-10-31,98.41
2008-11-03,99.1
2008-11-04,99.67
2008-11-05,97.92
2008-11-06,97.72
2008-11-07,98.21
2008-11-10,97.98
2008-11-11,97.63
2008-11-12,95.0
2008-11-13,97.67
2008-11-14,97.1
2008-11-17,96.24
2008-11-18,96.89
2008-11-19,95.9
2008-11-20,93.71
2008-11-21,95.9
2008-11-24,97.07
2008-11-25,95.28
2008-11-26,95.64
2008-11-27,95.25
2008-11-28,95.48
2008-12-01,93.18
2008-12-02,93.18
2008-12-03,93.29
2008-12-04,92.21
2008-12-05,92.79
2008-12-08,92.81
2008-12-09,92.1
2008-12-10,92.73
2008-12-11,91.4
2008-12-12,91.09
2008-12-15,90.64
2008-12-16,89.04
2008-12-17,87.2
2008-12-18,89.41
2008-12-19,89.34
2008-12-22,90.26
2008-12-23,90.96
2008-12-24,90.43
2008-12-25,90.33
2008-12-26,90.75
2008-12-29,90.65
2008-12-30,90.28
2008-12-31,90.65
2009-01-01,90.71
2009-01-02,91.78
2009-01-05,93.32
2009-01-06,94.03
2009-01-07,92.61
2009-01-08,91.19
2009-01-09,90.36
2009-01-12,89.03
2009-01-13,89.35
2009-01-14,89.01
2009-01-15,89.79
2009-01-16,90.64
2009-01-19,90.64
2009-01-20,89.76
2009-01-21,89.43
2009-01-22,88.88
2009-01-23,88.72
2009-01-26,89.07
2009-01-27,88.94
2009-01-28,90.29
2009-01-29,89.98
2009-01-30,89.94
2009-02-02,89.87
2009-02-03,89.41
2009-02-04,89.42
2009-02-05,91.15
2009-02-06,91.84
2009-02-09,91.46
2009-02-10,90.47
2009-02-11,90.39
2009-02-12,90.96
2009-02-13,91.86
2009-02-16,91.72
2009-02-17,92.38
2009-02-18,93.76
2009-02-19,94.17
2009-02-20,93.29
2009-02-23,94.66
2009-02-24,96.64
2009-02-25,97.37
2009-02-26,98.47
2009-02-27,97.56
2009-03-02,97.41
2009-03-03,98.13
2009-03-04,99.16
2009-03-05,98.06
2009-03-06,98.29
2009-03-09,98.77
2009-03-10,98.74
2009-03-11,97.3
2009-03-12,97.6
2009-03-13,97.93
2009-03-16,98.18
2009-03-17,98.64
2009-03-18,96.01
2009-03-19,94.51
2009-03-20,95.91
2009-03-23,97.16
2009-03-24,97.84
2009-03-25,97.66
2009-03-26,98.83
2009-03-27,97.85
2009-03-30,97.38
2009-03-31,98.87
2009-04-01,98.63
2009-04-02,99.58
2009-04-03,100.29
2009-04-06,101.05
2009-04-07,100.53
2009-04-08,99.73
2009-04-09,100.43
2009-04-10,100.2
2009-04-13,100.05
2009-04-14,98.8
2009-04-15,99.37
2009-04-16,99.37
2009-04-17,99.12
2009-04-20,97.98
2009-04-21,98.67
2009-04-22,97.95
2009-04-23,98.04
2009-04-24,97.14
2009-04-27,96.71
2009-04-28,96.39
2009-04-29,97.63
2009-04-30,98.56
2009-05-01,99.08
2009-05-04,98.93
2009-05-05,98.91
2009-05-06,98.45
2009-05-07,99.27
2009-05-08,98.38
2009-05-11,97.38
2009-05-12,96.35
2009-05-13,95.33
2009-05-14,95.93
2009-05-15,95.24
2009-05-18,96.24
2009-05-19,96.02
2009-05-20,94.84
2009-05-21,94.34
2009-05-22,94.76
2009-05-25,94.82
2009-05-26,94.93
2009-05-27,95.27
2009-05-28,96.97
2009-05-29,95.32
2009-06-01,96.54
2009-06-02,95.64
2009-06-03,95.9
2009-06-04,96.64
2009-06-05,98.63
2009-06-08,98.47
2009-06-09,97.39
2009-06-10,98.23
2009-06-11,97.7
2009-06-12,98.37
2009-06-15,97.85
2009-06-16,96.37
2009-06-17,95.66
2009-06-18,96.56
2009-06-19,96.24
2009-06-22,95.92
2009-06-23,95.21
2009-06-24,95.73
2009-06-25,95.98
2009-06-26,95.13
2009-06-29,96.1
2009-06-30,96.33
2009-07-01,96.55
2009-07-02,95.96
2009-07-03,95.98
2009-07-06,95.32
2009-07-07,94.79
2009-07-08,92.67
2009-07-09,92.96
2009-07-10,92.47
2009-07-13,93.0
2009-07-14,93.58
2009-07-15,94.23
2009-07-16,93.77
2009-07-17,94.19
2009-07-20,94.24
2009-07-21,93.65
2009-07-22,93.59
2009-07-23,95.05
2009-07-24,94.77
2009-07-27,95.2
2009-07-28,94.49
2009-07-29,95.06
2009-07-30,95.57
2009-07-31,94.64
2009-08-03,95.26
2009-08-04,95.21
2009-08-05,94.91
2009-08-06,95.4
2009-08-07,97.4
2009-08-10,97.05
2009-08-11,95.93
2009-08-12,96.08
2009-08-13,95.36
2009-08-14,94.92
2009-08-17,94.48
2009-08-18,94.72
2009-08-19,94.08
2009-08-20,94.19
2009-08-21,94.42
2009-08-24,94.49
2009-08-25,94.19
2009-08-26,94.2
2009-08-27,93.43
2009-08-28,93.57
2009-08-31,92.97
2009-09-01,92.93
2009-09-02,92.23
2009-09-03,92.6
2009-09-04,93.02
2009-09-07,93.03
2009-09-08,92.29
2009-09-09,91.95
2009-09-10,91.76
2009-09-11,90.69
2009-09-14,90.88
2009-09-15,91.0
2009-09-16,90.88
2009-09-17,91.06
2009-09-18,91.22
2009-09-21,91.92
2009-09-22,91.17
2009-09-23,91.45
2009-09-24,91.25
2009-09-25,89.65
2009-09-28,89.68
2009-09-29,90.13
2009-09-30,89.72
2009-10-01,89.56
2009-10-02,89.78
2009-10-05,89.54
2009-10-06,88.77
2009-10-07,88.59
2009-10-08,88.38
2009-10-09,89.73
2009-10-12,89.8
2009-10-13,89.69
2009-10-14,89.31
2009-10-15,90.57
2009-10-16,90.87
2009-10-19,90.66
2009-10-20,90.67
2009-10-21,90.99
2009-10-22,91.33
2009-10-23,92.04
2009-10-26,92.21
2009-10-27,91.79
2009-10-28,90.69
2009-10-29,91.48
2009-10-30,90.04
2009-11-02,90.25
2009-11-03,90.32
2009-11-04,90.76
2009-11-05,90.71
2009-11-06,89.87
2009-11-09,89.96
2009-11-10,89.81
2009-11-11,89.84
2009-11-12,90.38
2009-11-13,89.66
2009-11-16,89.06
2009-11-17,89.25
2009-11-18,89.32
2009-11-19,88.97
2009-11-20,88.86
2009-11-23,88.96
2009-11-24,88.49
2009-11-25,87.32
2009-11-26,86.54
2009-11-27,86.4
2009-11-30,86.31
2009-12-01,86.69
2009-12-02,87.34
2009-12-03,88.25
2009-12-04,90.52
2009-12-07,89.47
2009-12-08,88.41
2009-12-09,87.87
2009-12-10,88.19
2009-12-11,89.08
2009-12-14,88.58
2009-12-15,89.63
2009-12-16,89.77
2009-12-17,89.94
2009-12-18,90.45
2009-12-21,91.12
2009-12-22,91.82
2009-12-23,91.63
2009-12-24,91.52
2009-12-25,91.11
2009-12-28,91.62
2009-12-29,91.99
2009-12-30,92.42
2009-12-31,93.02
2010-01-01,93.0
2010-01-04,92.52
2010-01-05,91.67
2010-01-06,92.31
2010-01-07,93.3
2010-01-08,92.66
2010-01-11,92.08
2010-01-12,90.98
2010-01-13,91.37
2010-01-14,91.16
2010-01-15,90.78
2010-01-18,90.76
2010-01-19,91.11
2010-01-20,91.25
2010-01-21,90.45
2010-01-22,89.84
2010-01-25,90.25
2010-01-26,89.63
2010-01-27,89.95
2010-01-28,89.9
2010-01-29,90.27
2010-02-01,90.59
2010-02-02,90.36
2010-02-03,90.96
2010-02-04,89.05
2010-02-05,89.13
2010-02-08,89.21
2010-02-09,89.68
2010-02-10,89.92
2010-02-11,89.75
2010-02-12,89.96
2010-02-15,90.0
2010-02-16,90.14
2010-02-17,91.25
2010-02-18,91.74
2010-02-19,91.48
2010-02-22,91.11
2010-02-23,90.2
2010-02-24,90.14
2010-02-25,89.13
2010-02-26,88.91
2010-03-01,89.12
2010-03-02,88.84
2010-03-03,88.47
2010-03-04,89.03
2010-03-05,90.28
2010-03-08,90.29
2010-03-09,89.95
2010-03-10,90.49
2010-03-11,90.48
2010-03-12,90.56
2010-03-15,90.49
2010-03-16,90.22
2010-03-17,90.31
2010-03-18,90.35
2010-03-19,90.54
2010-03-22,90.05
2010-03-23,90.46
2010-03-24,92.16
2010-03-25,92.67
2010-03-26,92.52
2010-03-29,92.53
2010-03-30,92.76
2010-03-31,93.44
2010-04-01,93.87
2010-04-02,94.6
2010-04-05,94.33
2010-04-06,93.76
2010-04-07,93.24
2010-04-08,93.39
2010-04-09,93.18
2010-04-12,93.19
2010-04-13,93.19
2010-04-14,93.26
2010-04-15,93.07
2010-04-16,92.16
2010-04-19,92.42
2010-04-20,93.21
2010-04-21,93.17
2010-04-22,93.42
2010-04-23,93.96
2010-04-26,94.01
2010-04-27,93.1
2010-04-28,94.15
2010-04-29,94.02
2010-04-30,93.81
2010-05-03,94.57
2010-05-04,94.67
2010-05-05,93.96
2010-05-06,90.81
2010-05-07,91.58
2010-05-10,93.34
2010-05-11,92.67
2010-05-12,93.25
2010-05-13,92.68
2010-05-14,92.5
2010-05-17,92.59
2010-05-18,92.03
2010-05-19,91.8
2010-05-20,89.26
2010-05-21,90.0
2010-05-24,90.26
2010-05-25,90.29
2010-05-26,89.97
2010-05-27,90.94
2010-05-28,91.05
2010-05-31,91.17
2010-06-01,90.99
2010-06-02,92.24
2010-06-03,92.57
2010-06-04,91.88
2010-06-07,91.46
2010-06-08,91.52
2010-06-09,91.31
2010-06-10,91.39
2010-06-11,91.63
2010-06-14,91.61
2010-06-15,91.5
2010-06-16,91.38
2010-06-17,90.89
2010-06-18,90.67
2010-06-21,91.03
2010-06-22,90.48
2010-06-23,89.94
2010-06-24,89.58
2010-06-25,89.23
2010-06-28,89.37
2010-06-29,88.52
2010-06-30,88.39
2010-07-01,87.75
2010-07-02,87.74
2010-07-05,87.75
2010-07-06,87.55
2010-07-07,87.76
2010-07-08,88.43
2010-07-09,88.57
2010-07-12,88.62
2010-07-13,88.67
2010-07-14,88.39
2010-07-15,87.35
2010-07-16,86.56
2010-07-19,86.76
2010-07-20,87.43
2010-07-21,86.94
2010-07-22,87.02
2010-07-23,87.41
2010-07-26,86.95
2010-07-27,87.85
2010-07-28,87.37
2010-07-29,86.9
2010-07-30,86.46
2010-08-02,86.42
2010-08-03,85.81
2010-08-04,86.32
2010-08-05,85.84
2010-08-06,85.5
2010-08-09,85.93
2010-08-10,85.33
2010-08-11,85.24
2010-08-12,85.86
2010-08-13,86.18
2010-08-16,85.31
2010-08-17,85.56
2010-08-18,85.38
2010-08-19,85.29
2010-08-20,85.56
2010-08-23,85.1
2010-08-24,84.12
2010-08-25,84.59
2010-08-26,84.46
2010-08-27,85.21
2010-08-30,84.57
2010-08-31,84.17
2010-09-01,84.45
2010-09-02,84.28
2010-09-03,84.33
2010-09-06,84.12
2010-09-07,83.77
2010-09-08,83.86
2010-09-09,83.84
2010-09-10,84.16
2010-09-13,83.71
2010-09-14,83.02
2010-09-15,85.74
2010-09-16,85.84
2010-09-17,85.84
2010-09-20,85.68
2010-09-21,85.15
2010-09-22,84.54
2010-09-23,84.39
2010-09-24,84.2
2010-09-27,84.28
2010-09-28,83.81
2010-09-29,83.71
2010-09-30,83.5
2010-10-01,83.21
2010-10-04,83.41
2010-10-05,83.23
2010-10-06,82.91
2010-10-07,82.32
2010-10-08,81.91
2010-10-11,82.07
2010-10-12,81.82
2010-10-13,81.8
2010-10-14,81.43
2010-10-15,81.44
2010-10-18,81.26
2010-10-19,81.61
2010-10-20,81.13
2010-10-21,81.29
2010-10-22,81.37
2010-10-25,80.78
2010-10-26,81.41
2010-10-27,81.71
2010-10-28,81.0
2010-10-29,80.31
2010-11-01,80.48
2010-11-02,80.67
2010-11-03,81.14
2010-11-04,80.7
2010-11-05,81.26
2010-11-08,81.17
2010-11-09,81.68
2010-11-10,82.27
2010-11-11,82.47
2010-11-12,82.52
2010-11-15,83.1
2010-11-16,83.31
2010-11-17,83.19
2010-11-18,83.51
2010-11-19,83.53
2010-11-22,83.31
2010-11-23,83.14
2010-11-24,83.53
2010-11-25,83.57
2010-11-26,84.09
2010-11-29,84.23
2010-11-30,83.64
2010-12-01,84.19
2010-12-02,83.8
2010-12-03,82.53
2010-12-06,82.62
2010-12-07,83.48
2010-12-08,84.03
2010-12-09,83.72
2010-12-10,83.9
2010-12-13,83.4
2010-12-14,83.65
2010-12-15,84.24
2010-12-16,83.98
2010-12-17,83.99
2010-12-20,83.77
2010-12-21,83.73
2010-12-22,83.56
2010-12-23,82.91
2010-12-24,82.87
2010-12-27,82.77
2010-12-28,82.37
2010-12-29,81.6
2010-12-30,81.52
2010-12-31,81.12
2011-01-03,81.73
2011-01-04,82.07
2011-01-05,83.22
2011-01-06,83.31
2011-01-07,83.13
2011-01-10,82.71
2011-01-11,83.23
2011-01-12,82.98
2011-01-13,82.8
2011-01-14,82.85
2011-01-17,82.67
2011-01-18,82.6
2011-01-19,82.0
2011-01-20,82.99
2011-01-21,82.53
2011-01-24,82.52
2011-01-25,82.24
2011-01-26,82.17
2011-01-27,82.9
2011-01-28,82.12
2011-01-31,82.03
2011-02-01,81.34
2011-02-02,81.53
2011-02-03,81.61
2011-02-04,82.16
2011-02-07,82.3
2011-02-08,82.33
2011-02-09,82.34
2011-02-10,83.21
2011-02-11,83.43
2011-02-14,83.32
2011-02-15,83.74
2011-02-16,83.67
2011-02-17,83.3
2011-02-18,83.15
2011-02-21,83.12
2011-02-22,82.76
2011-02-23,82.48
2011-02-24,81.88
2011-02-25,81.71
2011-02-28,81.78
2011-03-01,81.84
2011-03-02,81.86
2011-03-03,82.44
2011-03-04,82.31
2011-03-07,82.24
2011-03-08,82.66
2011-03-09,82.72
2011-03-10,82.97
2011-03-11,81.83
2011-03-14,81.68
2011-03-15,80.75
2011-03-16,77.36
2011-03-17,79.1
2011-03-18,80.59
2011-03-21,81.1
2011-03-22,80.98
2011-03-23,80.92
2011-03-24,80.99
2011-03-25,81.34
2011-03-28,81.72
2011-03-29,82.47
2011-03-30,82.9
2011-03-31,83.19
2011-04-01,84.05
2011-04-04,84.02
2011-04-05,85.15
2011-04-06,85.4
2011-04-07,85.03
2011-04-08,84.75
2011-04-11,84.63
2011-04-12,83.56
2011-04-13,83.92
2011-04-14,83.48
2011-04-15,83.12
2011-04-18,82.47
2011-04-19,82.57
2011-04-20,82.52
2011-04-21,81.87
2011-04-22,81.83
2011-04-25,81.83
2011-04-26,81.58
2011-04-27,82.23
2011-04-28,81.55
2011-04-29,81.21
2011-05-02,81.24
2011-05-03,80.96
2011-05-04,80.6
2011-05-05,80.32
2011-05-06,80.62
2011-05-09,80.29
2011-05-10,80.87
2011-05-11,81.16
2011-05-12,80.99
2011-05-13,80.79
2011-05-16,80.84
2011-05-17,81.4
2011-05-18,81.67
2011-05-19,81.66
2011-05-20,81.71
2011-05-23,81.94
2011-05-24,82.0
2011-05-25,82.04
2011-05-26,81.35
2011-05-27,80.79
2011-05-30,80.94
2011-05-31,81.48
2011-06-01,80.89
2011-06-02,80.96
2011-06-03,80.26
2011-06-06,80.11
2011-06-07,80.11
2011-06-08,79.9
2011-06-09,80.37
2011-06-10,80.3
2011-06-13,80.21
2011-06-14,80.53
2011-06-15,80.95
2011-06-16,80.61
2011-06-17,80.05
2011-06-20,80.25
2011-06-21,80.28
2011-06-22,80.31
2011-06-23,80.41
2011-06-24,80.43
2011-06-27,80.88
2011-06-28,81.02
2011-06-29,80.81
2011-06-30,80.56
2011-07-01,80.81
2011-07-04,80.73
2011-07-05,81.08
2011-07-06,80.94
2011-07-07,81.22
2011-07-08,80.66
2011-07-11,80.25
2011-07-12,79.14
2011-07-13,78.85
2011-07-14,79.14
2011-07-15,79.14
2011-07-18,79.05
2011-07-19,79.16
2011-07-20,78.85
2011-07-21,78.55
2011-07-22,78.54
2011-07-25,78.24
2011-07-26,77.93
2011-07-27,77.9
2011-07-28,77.68
2011-07-29,76.77
2011-08-01,77.36
2011-08-02,77.32
2011-08-03,77.03
2011-08-04,79.18
2011-08-05,78.39
2011-08-08,77.85
2011-08-09,77.26
2011-08-10,76.78
2011-08-11,76.87
2011-08-12,76.67
2011-08-15,76.81
2011-08-16,76.82
2011-08-17,76.59
2011-08-18,76.53
2011-08-19,76.5
2011-08-22,76.84
2011-08-23,76.65
2011-08-24,76.95
2011-08-25,77.45
2011-08-26,76.65
2011-08-29,76.85
2011-08-30,76.73
2011-08-31,76.66
2011-09-01,76.94
2011-09-02,76.79
2011-09-05,76.92
2011-09-06,77.54
2011-09-07,77.17
2011-09-08,77.5
2011-09-09,77.59
2011-09-12,77.12
2011-09-13,76.91
2011-09-14,76.69
2011-09-15,76.71
2011-09-16,76.76
2011-09-19,76.56
2011-09-20,76.47
2011-09-21,76.47
2011-09-22,76.25
2011-09-23,76.54
2011-09-26,76.36
2011-09-27,76.74
2011-09-28,76.53
2011-09-29,76.82
2011-09-30,77.01
2011-10-03,76.61
2011-10-04,76.85
2011-10-05,76.78
2011-10-06,76.68
2011-10-07,76.7
2011-10-10,76.67
2011-10-11,76.68
2011-10-12,77.24
2011-10-13,76.86
2011-10-14,77.21
2011-10-17,76.85
2011-10-18,76.78
2011-10-19,76.81
2011-10-20,76.82
2011-10-21,76.27
2011-10-24,76.11
2011-10-25,76.07
2011-10-26,76.26
2011-10-27,75.96
2011-10-28,75.81
2011-10-31,78.18
2011-11-01,78.36
2011-11-02,78.07
2011-11-03,78.04
2011-11-04,78.23
2011-11-07,78.06
2011-11-08,77.72
2011-11-09,77.81
2011-11-10,77.63
2011-11-11,77.11
2011-11-14,77.06
2011-11-15,77.02
2011-11-16,77.05
2011-11-17,76.96
2011-11-18,76.9
2011-11-21,76.86
2011-11-22,76.97
2011-11-23,77.3
2011-11-24,77.11
2011-11-25,77.71
2011-11-28,77.98
2011-11-29,77.92
2011-11-30,77.61
2011-12-01,77.69
2011-12-02,77.99
2011-12-05,77.82
2011-12-06,77.72
2011-12-07,77.68
2011-12-08,77.62
2011-12-09,77.61
2011-12-12,77.89
2011-12-13,77.99
2011-12-14,78.01
2011-12-15,77.86
2011-12-16,77.79
2011-12-19,78.04
2011-12-20,77.89
2011-12-21,78.05
2011-12-22,78.17
2011-12-23,78.05
2011-12-26,77.95
2011-12-27,77.88
2011-12-28,77.94
2011-12-29,77.63
2011-12-30,76.86
2012-01-02,76.88
2012-01-03,76.73
2012-01-04,76.68
2012-01-05,77.1
2012-01-06,76.96
2012-01-09,76.83
2012-01-10,76.84
2012-01-11,76.86
2012-01-12,76.76
2012-01-13,76.95
2012-01-16,76.77
2012-01-17,76.82
2012-01-18,76.81
2012-01-19,77.1
2012-01-20,77.01
2012-01-23,77.01
2012-01-24,77.67
2012-01-25,77.77
2012-01-26,77.45
2012-01-27,76.69
2012-01-30,76.33
2012-01-31,76.26
2012-02-01,76.21
2012-02-02,76.21
2012-02-03,76.6
2012-02-06,76.54
2012-02-07,76.74
2012-02-08,77.03
2012-02-09,77.65
2012-02-10,77.59
2012-02-13,77.56
2012-02-14,78.42
2012-02-15,78.43
2012-02-16,78.93
2012-02-17,79.57
2012-02-20,79.62
2012-02-21,79.73
2012-02-22,80.26
2012-02-23,79.99
2012-02-24,81.2
2012-02-27,80.61
2012-02-28,80.44
2012-02-29,81.14
2012-03-01,81.1
2012-03-02,81.79
2012-03-05,81.54
2012-03-06,80.87
2012-03-07,81.08
2012-03-08,81.56
2012-03-09,82.46
2012-03-12,82.31
2012-03-13,82.87
2012-03-14,83.68
2012-03-15,83.54
2012-03-16,83.43
2012-03-19,83.39
2012-03-20,83.72
2012-03-21,83.37
2012-03-22,82.56
2012-03-23,82.33
2012-03-26,82.85
2012-03-27,83.19
2012-03-28,82.88
2012-03-29,82.38
2012-03-30,82.84
2012-04-02,82.08
2012-04-03,82.79
2012-04-04,82.42
2012-04-05,82.35
2012-04-06,81.62
2012-04-09,81.53
2012-04-10,80.73
2012-04-11,80.86
2012-04-12,80.87
2012-04-13,80.91
2012-04-16,80.42
2012-04-17,80.87
2012-04-18,81.28
2012-04-19,81.59
2012-04-20,81.49
2012-04-23,81.16
2012-04-24,81.32
2012-04-25,81.31
2012-04-26,80.97
2012-04-27,80.24
2012-04-30,79.82
2012-05-01,80.08
2012-05-02,80.12
2012-05-03,80.19
2012-05-04,79.83
2012-05-07,79.89
2012-05-08,79.88
2012-05-09,79.64
2012-05-10,79.88
2012-05-11,79.91
2012-05-14,79.84
2012-05-15,80.22
2012-05-16,80.32
2012-05-17,79.3
2012-05-18,79.01
2012-05-21,79.29
2012-05-22,79.98
2012-05-23,79.44
2012-05-24,79.57
2012-05-25,79.67
2012-05-28,79.47
2012-05-29,79.53
2012-05-30,79.11
2012-05-31,78.36
2012-06-01,77.95
2012-06-04,78.33
2012-06-05,78.75
2012-06-06,79.24
2012-06-07,79.64
2012-06-08,79.47
2012-06-11,79.39
2012-06-12,79.56
2012-06-13,79.41
2012-06-14,79.38
2012-06-15,78.69
2012-06-18,79.09
2012-06-19,78.97
2012-06-20,79.47
2012-06-21,80.19
2012-06-22,80.41
2012-06-25,79.61
2012-06-26,79.48
2012-06-27,79.68
2012-06-28,79.42
2012-06-29,79.78
2012-07-02,79.52
2012-07-03,79.8
2012-07-04,79.86
2012-07-05,79.91
2012-07-06,79.65
2012-07-09,79.55
2012-07-10,79.38
2012-07-11,79.72
2012-07-12,79.27
2012-07-13,79.25
2012-07-16,78.86
2012-07-17,79.06
2012-07-18,78.79
2012-07-19,78.63
2012-07-20,78.48
2012-07-23,78.31
2012-07-24,78.16
2012-07-25,78.15
2012-07-26,78.2
2012-07-27,78.46
2012-07-30,78.16
2012-07-31,78.11
2012-08-01,78.42
2012-08-02,78.24
2012-08-03,78.45
2012-08-06,78.21
2012-08-07,78.58
2012-08-08,78.42
2012-08-09,78.58
2012-08-10,78.27
2012-08-13,78.32
2012-08-14,78.72
2012-08-15,78.95
2012-08-16,79.33
2012-08-17,79.5
2012-08-20,79.46
2012-08-21,79.28
2012-08-22,78.56
2012-08-23,78.54
2012-08-24,78.63
2012-08-27,78.73
2012-08-28,78.52
2012-08-29,78.69
2012-08-30,78.6
2012-08-31,78.37
2012-09-03,78.29
2012-09-04,78.38
2012-09-05,78.39
2012-09-06,78.83
2012-09-07,78.18
2012-09-10,78.26
2012-09-11,77.79
2012-09-12,77.84
2012-09-13,77.47
2012-09-14,78.23
2012-09-17,78.71
2012-09-18,78.78
2012-09-19,78.34
2012-09-20,78.23
2012-09-21,78.11
2012-09-24,77.85
2012-09-25,77.79
2012-09-26,77.73
2012-09-27,77.62
2012-09-28,77.96
2012-10-01,77.99
2012-10-02,78.17
2012-10-03,78.48
2012-10-04,78.49
2012-10-05,78.65
2012-10-08,78.31
2012-10-09,78.26
2012-10-10,78.16
2012-10-11,78.4
2012-10-12,78.39
2012-10-15,78.7
2012-10-16,78.87
2012-10-17,79.02
2012-10-18,79.29
2012-10-19,79.33
2012-10-22,79.92
2012-10-23,79.87
2012-10-24,79.79
2012-10-25,80.35
2012-10-26,79.58
2012-10-29,79.79
2012-10-30,79.59
2012-10-31,79.79
2012-11-01,80.14
2012-11-02,80.44
2012-11-05,80.29
2012-11-06,80.34
2012-11-07,79.99
2012-11-08,79.46
2012-11-09,79.46
2012-11-12,79.48
2012-11-13,79.37
2012-11-14,80.23
2012-11-15,81.15
2012-11-16,81.31
2012-11-19,81.4
2012-11-20,81.66
2012-11-21,82.53
2012-11-22,82.47
2012-11-23,82.38
2012-11-26,82.05
2012-11-27,82.14
2012-11-28,82.07
2012-11-29,82.11
2012-11-30,82.45
2012-12-03,82.24
2012-12-04,81.89
2012-12-05,82.46
2012-12-06,82.39
2012-12-07,82.49
2012-12-10,82.36
2012-12-11,82.49
2012-12-12,83.27
2012-12-13,83.64
2012-12-14,83.5
2012-12-17,83.85
2012-12-18,84.19
2012-12-19,84.36
2012-12-20,84.38
2012-12-21,84.22
2012-12-24,84.93
2012-12-25,84.81
2012-12-26,85.61
2012-12-27,86.09
2012-12-28,85.97
2012-12-31,86.72
2013-01-01,86.66
2013-01-02,87.33
2013-01-03,87.22
2013-01-04,88.14
2013-01-07,87.78
2013-01-08,87.03
2013-01-09,87.87
2013-01-10,88.74
2013-01-11,89.17
2013-01-14,89.47
2013-01-15,88.76
2013-01-16,88.37
2013-01-17,89.85
2013-01-18,90.08
2013-01-21,89.63
2013-01-22,88.69
2013-01-23,88.61
2013-01-24,90.32
2013-01-25,90.82
2013-01-28,90.8
2013-01-29,90.72
2013-01-30,91.08
2013-01-31,91.72
2013-02-01,92.83
2013-02-04,92.37
2013-02-05,93.64
2013-02-06,93.62
2013-02-07,93.62
2013-02-08,92.69
2013-02-11,94.31
2013-02-12,93.46
2013-02-13,93.43
2013-02-14,92.84
2013-02-15,93.49
2013-02-18,93.96
2013-02-19,93.56
2013-02-20,93.56
2013-02-21,93.11
2013-02-22,93.39
2013-02-25,91.83
2013-02-26,91.97
2013-02-27,92.21
2013-02-28,92.56
2013-03-01,93.57
2013-03-04,93.45
2013-03-05,93.28
2013-03-06,94.06
2013-03-07,94.81
2013-03-08,96.01
2013-03-11,96.32
2013-03-12,95.96
2013-03-13,96.07
2013-03-14,96.09
2013-03-15,95.29
2013-03-18,95.25
2013-03-19,95.09
2013-03-20,96.02
2013-03-21,95.04
2013-03-22,94.45
2013-03-25,94.17
2013-03-26,94.51
2013-03-27,94.37
2013-03-28,94.19
2013-03-29,94.2
2013-04-01,93.18
2013-04-02,93.36
2013-04-03,93.06
2013-04-04,96.35
2013-04-05,97.51
2013-04-08,99.47
2013-04-09,99.15
2013-04-10,99.79
2013-04-11,99.77
2013-04-12,98.35
2013-04-15,96.59
2013-04-16,97.75
2013-04-17,98.26
2013-04-18,98.2
2013-04-19,99.51
2013-04-22,99.3
2013-04-23,99.37
2013-04-24,99.52
2013-04-25,99.32
2013-04-26,98.04
2013-04-29,97.82
2013-04-30,97.37
2013-05-01,97.29
2013-05-02,97.92
2013-05-03,99.0
2013-05-06,99.33
2013-05-07,98.96
2013-05-08,98.93
2013-05-09,100.63
2013-05-10,101.59
2013-05-13,101.76
2013-05-14,102.27
2013-05-15,102.25
2013-05-16,102.22
2013-05-17,103.13
2013-05-20,102.25
2013-05-21,102.5
2013-05-22,103.11
2013-05-23,101.99
2013-05-24,101.12
2013-05-27,101.15
2013-05-28,102.26
2013-05-29,101.13
2013-05-30,100.77
2013-05-31,100.47
2013-06-03,99.44
2013-06-04,100.03
2013-06-05,99.14
2013-06-06,97.43
2013-06-07,97.55
2013-06-10,98.72
2013-06-11,96.04
2013-06-12,95.86
2013-06-13,95.61
2013-06-14,94.06
2013-06-17,94.67
2013-06-18,95.38
2013-06-19,96.3
2013-06-20,97.32
2013-06-21,97.8
2013-06-24,97.71
2013-06-25,97.94
2013-06-26,97.76
2013-06-27,98.43
2013-06-28,99.12
2013-07-01,99.62
2013-07-02,100.62
2013-07-03,99.96
2013-07-04,100.11
2013-07-05,101.17
2013-07-08,101.34
2013-07-09,101.07
2013-07-10,99.52
2013-07-11,98.99
2013-07-12,99.21
2013-07-15,99.93
2013-07-16,99.15
2013-07-17,99.57
2013-07-18,100.5
2013-07-19,100.35
2013-07-22,99.61
2013-07-23,99.47
2013-07-24,100.25
2013-07-25,99.25
2013-07-26,98.2
2013-07-29,97.92
2013-07-30,98.04
2013-07-31,97.79
2013-08-01,99.5
2013-08-02,98.9
2013-08-05,98.25
2013-08-06,97.76
2013-08-07,96.33
2013-08-08,96.61
2013-08-09,96.18
2013-08-12,97.08
2013-08-13,98.23
2013-08-14,98.01
2013-08-15,97.25
2013-08-16,97.53
2013-08-19,97.62
2013-08-20,97.3
2013-08-21,97.69
2013-08-22,98.76
2013-08-23,98.71
2013-08-26,98.44
2013-08-27,97.01
2013-08-28,97.71
2013-08-29,98.33
2013-08-30,98.17
2013-09-02,99.36
2013-09-03,99.55
2013-09-04,99.75
2013-09-05,100.16
2013-09-06,99.08
2013-09-09,99.61
2013-09-10,100.38
2013-09-11,99.97
2013-09-12,99.49
2013-09-13,99.36
2013-09-16,99.08
2013-09-17,99.12
2013-09-18,98.13
2013-09-19,99.4
2013-09-20,99.3
2013-09-23,98.77
2013-09-24,98.72
2013-09-25,98.42
2013-09-26,98.97
2013-09-27,98.24
2013-09-30,98.23
2013-10-01,98.03
2013-10-02,97.38
2013-10-03,97.21
2013-10-04,97.43
2013-10-07,96.69
2013-10-08,96.88
2013-10-09,97.37
2013-10-10,98.28
2013-10-11,98.58
2013-10-14,98.65
2013-10-15,98.2
2013-10-16,98.76
2013-10-17,97.88
2013-10-18,97.72
2013-10-21,98.17
2013-10-22,98.1
2013-10-23,97.32
2013-10-24,97.32
2013-10-25,97.4
2013-10-28,97.7
2013-10-29,98.21
2013-10-30,98.41
2013-10-31,98.36
2013-11-01,98.69
2013-11-04,98.6
2013-11-05,98.5
2013-11-06,98.65
2013-11-07,98.07
2013-11-08,99.05
2013-11-11,99.14
2013-11-12,99.63
2013-11-13,99.22
2013-11-14,100.0
2013-11-15,100.17
2013-11-18,99.98
2013-11-19,100.12
2013-11-20,100.02
2013-11-21,101.15
2013-11-22,101.27
2013-11-25,101.67
2013-11-26,101.27
2013-11-27,102.15
2013-11-28,102.3
2013-11-29,102.39
2013-12-02,102.93
2013-12-03,102.5
2013-12-04,102.34
2013-12-05,101.77
2013-12-06,102.9
2013-12-09,103.26
2013-12-10,102.85
2013-12-11,102.42
2013-12-12,103.35
2013-12-13,103.21
2013-12-16,102.98
2013-12-17,102.67
2013-12-18,104.27
2013-12-19,104.23
2013-12-20,104.07
2013-12-23,104.11
2013-12-24,104.2
2013-12-25,104.36
2013-12-26,104.8
2013-12-27,105.16
2013-12-30,105.14
2013-12-31,105.29
2014-01-01,105.19
2014-01-02,104.79
2014-01-03,104.81
2014-01-06,104.21
2014-01-07,104.58
2014-01-08,104.86
2014-01-09,104.81
2014-01-10,104.15
2014-01-13,102.99
2014-01-14,104.2
2014-01-15,104.54
2014-01-16,104.32
2014-01-17,104.3
2014-01-20,104.16
2014-01-21,104.29
2014-01-22,104.49
2014-01-23,103.26
2014-01-24,102.27
2014-01-27,102.54
2014-01-28,102.92
2014-01-29,102.27
2014-01-30,102.71
2014-01-31,102.05
2014-02-03,100.95
2014-02-04,101.63
2014-02-05,101.45
2014-02-06,102.1
2014-02-07,102.36
2014-02-10,102.25
2014-02-11,102.62
2014-02-12,102.51
2014-02-13,102.15
2014-02-14,101.77
2014-02-17,101.89
2014-02-18,102.35
2014-02-19,102.3
2014-02-20,102.27
2014-02-21,102.49
2014-02-24,102.49
2014-02-25,102.23
2014-02-26,102.35
2014-02-27,102.12
2014-02-28,101.77
2014-03-03,101.44
2014-03-04,102.2
2014-03-05,102.29
2014-03-06,103.06
2014-03-07,103.28
2014-03-10,103.28
2014-03-11,102.99
2014-03-12,102.77
2014-03-13,101.86
2014-03-14,101.35
2014-03-17,101.8
2014-03-18,101.36
2014-03-19,102.39
2014-03-20,102.41
2014-03-21,102.27
2014-03-24,102.23
2014-03-25,102.27
2014-03-26,102.05
2014-03-27,102.22
2014-03-28,102.8
2014-03-31,103.21
2014-04-01,103.69
2014-04-02,103.86
2014-04-03,103.92
2014-04-04,103.31
2014-04-07,103.06
2014-04-08,101.86
2014-04-09,101.99
2014-04-10,101.45
2014-04-11,101.59
2014-04-14,101.86
2014-04-15,101.84
2014-04-16,102.22
2014-04-17,102.4
2014-04-18,102.42
2014-04-21,102.6
2014-04-22,102.59
2014-04-23,102.54
2014-04-24,102.27
2014-04-25,102.18
2014-04-28,102.48
2014-04-29,102.62
2014-04-30,102.22
2014-05-01,102.32
2014-05-02,102.16
2014-05-05,102.14
2014-05-06,101.73
2014-05-07,101.86
2014-05-08,101.65
2014-05-09,101.86
2014-05-12,102.14
2014-05-13,102.25
2014-05-14,101.84
2014-05-15,101.57
2014-05-16,101.52
2014-05-19,101.47
2014-05-20,101.31
2014-05-21,101.43
2014-05-22,101.75
2014-05-23,101.95
2014-05-26,101.93
2014-05-27,102.01
2014-05-28,101.81
2014-05-29,101.7
2014-05-30,101.77
2014-06-02,102.37
2014-06-03,102.52
2014-06-04,102.73
2014-06-05,102.41
2014-06-06,102.5
2014-06-09,102.54
2014-06-10,102.34
2014-06-11,101.98
2014-06-12,101.74
2014-06-13,102.04
2014-06-16,101.82
2014-06-17,102.16
2014-06-18,101.93
2014-06-19,101.93
2014-06-20,102.06
2014-06-23,101.9
2014-06-24,101.95
2014-06-25,101.83
2014-06-26,101.67
2014-06-27,101.36
2014-06-30,101.3
2014-07-01,101.55
2014-07-02,101.77
2014-07-03,102.19
2014-07-04,102.07
2014-07-07,101.87
2014-07-08,101.53
2014-07-09,101.62
2014-07-10,101.31
2014-07-11,101.24
2014-07-14,101.54
2014-07-15,101.68
2014-07-16,101.66
2014-07-17,101.15
2014-07-18,101.32
2014-07-21,101.41
2014-07-22,101.47
2014-07-23,101.54
2014-07-24,101.8
2014-07-25,101.82
2014-07-28,101.83
2014-07-29,102.11
2014-07-30,102.81
2014-07-31,102.8
2014-08-01,102.57
2014-08-04,102.55
2014-08-05,102.61
2014-08-06,102.12
2014-08-07,102.1
2014-08-08,102.0
2014-08-11,102.18
2014-08-12,102.25
2014-08-13,102.42
2014-08-14,102.47
2014-08-15,102.36
2014-08-18,102.57
2014-08-19,102.92
2014-08-20,103.69
2014-08-21,103.82
2014-08-22,103.92
2014-08-25,104.04
2014-08-26,104.1
2014-08-27,103.87
2014-08-28,103.7
2014-08-29,104.07
2014-09-01,104.32
2014-09-02,105.09
2014-09-03,104.85
2014-09-04,105.29
2014-09-05,105.06
2014-09-08,105.97
2014-09-09,106.18
2014-09-10,106.84
2014-09-11,107.0
2014-09-12,107.32
2014-09-15,107.19
2014-09-16,107.14
2014-09-17,108.47
2014-09-18,108.76
2014-09-19,109.01
2014-09-22,108.81
2014-09-23,108.86
2014-09-24,109.07
2014-09-25,108.74
2014-09-26,109.27
2014-09-29,109.45
2014-09-30,109.6
2014-10-01,108.97
2014-10-02,108.38
2014-10-03,109.76
2014-10-06,108.73
2014-10-07,108.14
2014-10-08,108.13
2014-10-09,107.8
2014-10-10,107.63
2014-10-13,106.97
2014-10-14,107.13
2014-10-15,106.05
2014-10-16,106.28
2014-10-17,106.87
2014-10-20,106.96
2014-10-21,107.08
2014-10-22,107.2
2014-10-23,108.3
2014-10-24,108.1
2014-10-27,107.84
2014-10-28,108.14
2014-10-29,108.84
2014-10-30,109.25
2014-10-31,112.3
2014-11-03,114.04
2014-11-04,113.6
2014-11-05,114.64
2014-11-06,115.2
2014-11-07,114.53
2014-11-08,114.56
2014-11-09,114.495
2014-11-10,114.827
2014-11-11,115.826
2014-11-12,115.59
2014-11-13,115.755
2014-11-14,116.264
2014-11-15,116.26
2014-11-16,116.605
2014-11-17,116.661
2014-11-18,116.91
2014-11-19,118.165
2014-11-20,118.257
2014-11-21,117.83
2014-11-22,117.76
2014-11-23,117.859
2014-11-24,118.31
2014-11-25,117.903
2014-11-26,117.595
2014-11-27,117.88
2014-11-28,118.63
2014-11-29,118.67
2014-11-30,118.843
2014-12-01,118.261
2014-12-02,119.21
2014-12-03,119.829
2014-12-04,119.814
2014-12-05,121.41
2014-12-07,121.836
2014-12-08,120.538
2014-12-09,119.543
2014-12-10,117.938
2014-12-11,118.835
2014-12-12,118.8
2014-12-14,118.223
2014-12-15,117.831
2014-12-16,116.499
2014-12-17,118.869
2014-12-18,118.938
2014-12-19,119.49
2014-12-20,119.49
2014-12-21,119.523
2014-12-22,120.063
2014-12-23,120.735
2014-12-24,120.342
2014-12-25,120.246
2014-12-26,120.49
2014-12-27,120.45
2014-12-30,119.433
2014-12-31,119.66
2015-01-01,119.823
2015-01-02,120.49
2015-01-03,120.43
2015-01-04,120.527
2015-01-05,119.286
2015-01-06,118.588
2015-01-07,119.322
2015-01-08,119.724
2015-01-09,118.52
2015-01-11,118.313
2015-01-12,118.359
2015-01-13,117.887
2015-01-14,117.25
2015-01-15,116.18
2015-01-16,117.62
2015-01-18,117.422
2015-01-19,117.654
2015-01-20,118.671
2015-01-21,117.913
2015-01-22,118.634
2015-01-23,117.78
2015-01-25,117.628
2015-01-26,118.409
2015-01-27,117.739
2015-01-28,117.485
2015-01-29,118.339
2015-01-30,117.45
2015-02-01,117.109
2015-02-02,117.681
2015-02-03,117.556
2015-02-04,117.32
2015-02-05,117.5
2015-02-06,119.123
2015-02-08,119.046
2015-02-09,118.639
2015-02-10,119.427
2015-02-11,120.296
2015-02-12,119.143
2015-02-13,118.73
2015-02-15,118.618
2015-02-16,118.498
2015-02-17,119.192
2015-02-18,118.717
2015-02-19,119.028
2015-02-20,119.017
2015-02-22,119.06
2015-02-23,118.824
2015-02-24,118.969
2015-02-25,118.829
2015-02-26,119.36
2015-02-27,119.56
2015-03-01,119.679
2015-03-02,120.189
2015-03-03,119.669
2015-03-04,119.704
2015-03-05,120.078
2015-03-06,120.798
2015-03-08,120.693
2015-03-09,121.253
2015-03-10,121.112
2015-03-11,121.412
2015-03-12,121.33
2015-03-13,121.33
2015-03-15,121.364
2015-03-16,121.353
2015-03-17,121.343
2015-03-18,120.288
2015-03-19,120.82
2015-03-20,120.02
2015-03-22,120.021
2015-03-23,119.618
2015-03-24,119.729
2015-03-25,119.469
2015-03-26,119.215
2015-03-27,119.12
2015-03-29,119.229
2015-03-30,120.088
2015-03-31,119.993
2015-04-01,119.657
2015-04-02,119.758
2015-04-03,118.963
2015-04-05,118.874
2015-04-06,119.507
2015-04-07,120.248
2015-04-08,120.162
2015-04-09,120.533
2015-04-10,120.185
2015-04-12,120.211
2015-04-13,120.078
2015-04-14,119.391
2015-04-15,119.158
2015-04-16,119.024
2015-04-17,118.897
2015-04-19,118.948
2015-04-20,119.26
2015-04-21,119.647
2015-04-22,119.987
2015-04-23,119.62
2015-04-24,118.964
2015-04-26,118.866
2015-04-27,119.105
2015-04-28,118.839
2015-04-29,119.038
2015-04-30,119.472
2015-05-01,120.166
2015-05-03,120.18
2015-05-04,120.121
2015-05-05,119.89
2015-05-06,119.427
2015-05-07,119.717
2015-05-08,119.866
2015-05-10,119.814
2015-05-11,120.132
2015-05-12,119.875
2015-05-13,119.12
2015-05-14,119.188
2015-05-15,119.25
2015-05-17,119.414
2015-05-18,119.985
2015-05-19,120.677
2015-05-20,121.218
2015-05-21,121.059
2015-05-22,121.5
2015-05-24,121.48
2015-05-25,121.573
2015-05-26,123.015
2015-05-27,123.721
2015-05-28,123.74
2015-05-29,124.1
2015-05-31,124.173
2015-06-01,124.81
2015-06-02,124.053
2015-06-03,124.291
2015-06-04,124.455
2015-06-05,125.58
2015-06-07,125.652
2015-06-08,124.611
2015-06-09,124.414
2015-06-10,122.773
2015-06-11,123.534
2015-06-12,123.408
2015-06-14,123.291
2015-06-15,123.411
2015-06-16,123.383
2015-06-17,123.48
2015-06-18,122.932
2015-06-19,122.681
2015-06-21,122.791
2015-06-22,123.377
2015-06-23,123.912
2015-06-24,123.864
2015-06-25,123.573
2015-06-26,123.861
2015-06-28,122.557
2015-06-29,122.546
2015-06-30,122.421
2015-07-01,123.229
2015-07-02,123.04
2015-07-03,122.851
2015-07-05,122.37
2015-07-06,122.595
2015-07-07,122.489
2015-07-08,120.673
2015-07-09,121.79
2015-07-10,122.83
2015-07-12,122.46
2015-07-13,123.578
2015-07-14,123.34
2015-07-15,123.95
2015-07-16,124.154
2015-07-17,124.05
2015-07-19,124.086
2015-07-20,124.286
2015-07-21,123.862
2015-07-22,123.965
2015-07-23,123.9
2015-07-24,123.79
2015-07-26,123.83
2015-07-27,123.257
2015-07-28,123.58
2015-07-29,123.913
2015-07-30,124.186
2015-07-31,123.85
2015-08-02,123.94
2015-08-03,123.978
2015-08-04,124.337
2015-08-05,124.808
2015-08-06,124.707
2015-08-07,124.197
2015-08-09,124.276
2015-08-10,124.541
2015-08-11,125.074
2015-08-12,124.187
2015-08-13,124.404
2015-08-14,124.276
2015-08-16,124.32
2015-08-17,124.398
2015-08-18,124.383
2015-08-19,123.926
2015-08-20,123.443
2015-08-21,122.002
2015-08-23,121.527
2015-08-24,118.395
2015-08-25,118.91
2015-08-26,120.265
2015-08-27,121.059
2015-08-28,121.703
2015-08-30,121.267
2015-08-31,121.205
2015-09-01,119.608
2015-09-02,120.489
2015-09-03,120.179
2015-09-04,119.017
2015-09-06,119.18
2015-09-07,119.239
2015-09-08,119.971
2015-09-09,120.32
2015-09-10,120.77
2015-09-11,120.567
2015-09-13,120.621
2015-09-14,120.331
2015-09-15,120.358
2015-09-16,120.56
2015-09-17,120.132
2015-09-18,119.92
2015-09-20,119.995
2015-09-21,120.496
2015-09-22,120.01
2015-09-23,120.221
2015-09-24,120.288
2015-09-25,120.584
2015-09-27,120.529
2015-09-28,119.916
2015-09-29,119.784
2015-09-30,119.932
2015-10-01,119.841
2015-10-02,119.898
2015-10-04,119.982
2015-10-05,120.451
2015-10-06,120.219
2015-10-07,119.983
2015-10-08,119.908
2015-10-09,120.246
2015-10-11,120.2
2015-10-12,120.044
2015-10-13,119.745
2015-10-14,118.862
2015-10-15,118.946
2015-10-16,119.442
2015-10-18,119.38
2015-10-19,119.498
2015-10-20,119.802
2015-10-21,119.9
2015-10-22,120.68
2015-10-23,121.452
2015-10-25,121.383
2015-10-26,121.027
2015-10-27,120.436
2015-10-28,121.085
2015-10-29,120.949
2015-10-30,120.608
2015-11-01,120.472
2015-11-02,120.745
2015-11-03,121.074
2015-11-04,121.51
2015-11-05,121.698
2015-11-06,123.136
2015-11-08,123.31
2015-11-09,123.07
2015-11-10,123.207
2015-11-11,122.79
2015-11-12,122.64
2015-11-13,122.579
2015-11-15,122.374
2015-11-16,123.261
2015-11-17,123.413
2015-11-18,123.573
2015-11-19,122.946
2015-11-20,122.755
2015-11-22,122.863
2015-11-23,122.88
2015-11-24,122.516
2015-11-25,122.698
2015-11-26,122.625
2015-11-27,122.741
2015-11-29,122.762
2015-11-30,123.146
2015-12-01,122.905
2015-12-02,123.283
2015-12-03,122.65
2015-12-04,123.056
2015-12-06,123.198
2015-12-07,123.364
2015-12-08,122.89
2015-12-09,121.628
2015-12-10,121.648
2015-12-11,120.954
2015-12-13,121.073
2015-12-14,120.907
2015-12-15,121.665
2015-12-16,122.324
2015-12-17,122.521
2015-12-18,121.146
2015-12-20,121.31
2015-12-21,121.226
2015-12-22,121.029
2015-12-23,120.916
2015-12-24,120.28
2015-12-25,120.289
2015-12-27,120.256
2015-12-28,120.364
2015-12-29,120.49
2015-12-30,120.51
2015-12-31,120.209
2016-01-01,120.203
2016-01-03,120.277
2016-01-04,119.308
2016-01-05,119.116
2016-01-06,118.464
2016-01-07,117.593
2016-01-08,117.234
2016-01-10,116.81
2016-01-11,117.702
2016-01-12,117.727
2016-01-13,117.63
2016-01-14,118.145
2016-01-15,116.98
2016-01-17,116.906
2016-01-18,117.396
2016-01-19,117.616
2016-01-20,116.976
2016-01-21,117.777
2016-01-22,118.71
2016-01-24,118.741
2016-01-25,118.335
2016-01-26,118.443
2016-01-27,118.585
2016-01-28,118.786
2016-01-29,121.14
2016-01-31,121.38
2016-02-01,121.014
2016-02-02,119.743
2016-02-03,118.054
2016-02-04,116.867
2016-02-05,116.808
2016-02-07,116.919
2016-02-08,115.483
2016-02-09,115.106
2016-02-10,113.486
2016-02-11,112.549
2016-02-12,113.236
2016-02-14,113.52
2016-02-15,114.448
2016-02-16,114.219
2016-02-17,114.099
2016-02-18,113.316
2016-02-19,112.603
2016-02-21,112.585
2016-02-22,112.916
2016-02-23,111.983
2016-02-24,112.043
2016-02-25,112.905
2016-02-26,113.975
2016-02-28,113.689
2016-02-29,112.326
2016-03-01,114.045
2016-03-02,113.6
2016-03-03,113.715
2016-03-04,113.735
2016-03-06,113.854
2016-03-07,113.36
2016-03-08,112.675
2016-03-09,113.303
2016-03-10,113.153
2016-03-11,113.96
2016-03-13,113.7
2016-03-14,113.78
2016-03-15,113.198
2016-03-16,112.756
2016-03-17,111.407
2016-03-18,111.543
2016-03-20,111.481
2016-03-21,112.12
2016-03-22,112.318
2016-03-23,112.378
2016-03-24,112.782
2016-03-25,113.049
2016-03-27,113.365
2016-03-28,113.44
2016-03-29,112.787
2016-03-30,112.454
2016-03-31,112.532
2016-04-01,111.64
2016-04-03,111.758
2016-04-04,111.289
2016-04-05,110.284
2016-04-06,109.725
2016-04-07,108.329
2016-04-08,108.079
2016-04-10,108.257
2016-04-11,107.917
2016-04-12,108.579
2016-04-13,109.211
2016-04-14,109.202
2016-04-15,108.762
2016-04-16,108.71
2016-04-18,108.854
2016-04-19,109.249
2016-04-20,109.76
2016-04-21,109.415
2016-04-22,111.793
2016-04-24,111.564
2016-04-25,111.191
2016-04-26,111.272
2016-04-27,111.507
2016-04-28,108.145
2016-04-29,106.282
2016-05-01,106.68
2016-05-02,106.416
2016-05-03,106.848
2016-05-04,106.963
2016-05-05,107.256
2016-05-06,107.094
2016-05-08,107.248
2016-05-09,108.382
2016-05-10,109.273
2016-05-11,108.437
2016-05-12,108.94
2016-05-13,108.633
2016-05-15,108.546
2016-05-16,109.059
2016-05-17,109.116
2016-05-18,110.119
2016-05-19,109.931
2016-05-20,110.097
2016-05-22,110.206
2016-05-23,109.272
2016-05-24,110.026
2016-05-25,110.18
2016-05-26,109.681
2016-05-27,110.214
2016-05-29,110.731
2016-05-30,110.946
2016-05-31,110.736
2016-06-01,109.545
2016-06-02,108.842
2016-06-03,106.532
2016-06-05,106.681
2016-06-06,107.529
2016-06-07,107.279
2016-06-08,106.91
2016-06-09,107.024
2016-06-10,106.91
2016-06-12,106.732
2016-06-13,106.022
2016-06-14,106.036
2016-06-15,105.877
2016-06-16,104.355
2016-06-17,104.11
2016-06-19,104.792
2016-06-20,103.897
2016-06-21,104.68
2016-06-22,104.7
2016-06-23,106.062
2016-06-24,102.19
2016-06-26,102.27
2016-06-27,102.025
2016-06-28,102.609
2016-06-29,102.818
2016-06-30,103.183
2016-07-01,102.518
2016-07-03,102.612
2016-07-04,102.545
2016-07-05,101.632
2016-07-06,101.123
2016-07-07,100.683
2016-07-08,100.5
2016-07-10,100.656
2016-07-11,102.674
2016-07-12,104.678
2016-07-13,104.09
2016-07-14,105.25
2016-07-15,104.651
2016-07-17,105.536
2016-07-18,106.247
2016-07-19,106.183
2016-07-20,107.153
2016-07-21,105.913
2016-07-22,106.149
2016-07-24,106.348
2016-07-25,105.777
2016-07-26,104.706
2016-07-27,105.152
2016-07-28,104.806
2016-07-29,102.047
2016-07-31,102.462
2016-08-01,102.4
2016-08-02,101.034
2016-08-03,101.289
2016-08-04,101.185
2016-08-05,101.821
2016-08-07,102.225
2016-08-08,102.45
2016-08-09,101.896
2016-08-10,101.175
2016-08-11,101.891
2016-08-12,101.25
2016-08-14,101.249
2016-08-15,101.2
2016-08-16,100.28
2016-08-17,99.986
2016-08-18,100.082
2016-08-19,100.21
2016-08-21,100.455
2016-08-22,100.347
2016-08-23,100.291
2016-08-24,100.448
2016-08-25,100.554
2016-08-26,101.81
2016-08-28,101.929
2016-08-29,101.999
2016-08-30,102.944
2016-08-31,103.324
2016-09-01,103.184
2016-09-02,103.975
2016-09-04,104.056
2016-09-05,103.436
2016-09-06,102.101
2016-09-07,101.701
2016-09-08,102.376
2016-09-09,102.67
2016-09-11,102.358
2016-09-12,101.857
2016-09-13,102.5
2016-09-14,102.461
2016-09-15,101.836
2016-09-16,102.27
2016-09-18,102.24
2016-09-19,101.837
2016-09-20,101.718
2016-09-21,100.3
2016-09-22,100.824
2016-09-23,101.05
2016-09-25,100.986
2016-09-26,100.325
2016-09-27,100.369
2016-09-28,100.795
2016-09-29,101.188
2016-09-30,101.32
2016-10-02,101.449
2016-10-03,101.671
2016-10-04,102.826
2016-10-05,103.477
2016-10-06,103.953
2016-10-07,102.893
2016-10-09,103.075
2016-10-10,103.661
2016-10-11,103.457
2016-10-12,104.264
2016-10-13,103.624
2016-10-14,104.146
2016-10-16,104.244
2016-10-17,103.853
2016-10-18,103.878
2016-10-19,103.373
2016-10-20,103.997
2016-10-21,103.8
2016-10-23,103.968
2016-10-24,104.322
2016-10-25,104.158
2016-10-26,104.55
2016-10-27,105.254
2016-10-28,104.694
2016-10-30,104.617
2016-10-31,104.849
2016-11-01,103.993
2016-11-02,103.341
2016-11-03,102.922
2016-11-04,103.089
2016-11-06,103.849
2016-11-07,104.532
2016-11-08,105.11
2016-11-09,105.637
2016-11-10,106.78
2016-11-11,106.635
2016-11-13,106.791
2016-11-14,108.274
2016-11-15,109.042
2016-11-16,108.875
2016-11-17,110.194
2016-11-18,110.874
2016-11-20,110.917
2016-11-21,110.8
2016-11-22,111.107
2016-11-23,112.465
2016-11-24,113.303
2016-11-25,113.229
2016-11-27,112.861
2016-11-28,111.83
2016-11-29,112.506
2016-11-30,114.37
2016-12-01,114.177
2016-12-02,113.503
2016-12-04,113.029
2016-12-05,113.806
2016-12-06,114.025
2016-12-07,113.627
2016-12-08,114.123
2016-12-09,115.274
2016-12-11,115.451
2016-12-12,114.841
2016-12-13,115.249
2016-12-14,117.209
2016-12-15,118.219
2016-12-16,117.84
2016-12-18,117.859
2016-12-19,117.078
2016-12-20,117.877
2016-12-21,117.472
2016-12-22,117.541
2016-12-23,117.32
2016-12-25,117.232
2016-12-26,117.105
2016-12-27,117.44
2016-12-28,117.054
2016-12-29,116.547
2016-12-30,116.95
2017-01-01,116.929
2017-01-02,117.302
2017-01-03,117.698
2017-01-04,117.263
2017-01-05,115.44
2017-01-06,117.02
2017-01-08,117.161
2017-01-09,115.913
2017-01-10,115.83
2017-01-11,115.401
2017-01-12,114.74
2017-01-13,114.467
2017-01-15,114.414
2017-01-16,114.09
2017-01-17,112.786
2017-01-18,114.551
2017-01-19,115.055
2017-01-20,114.6
2017-01-22,114.391
2017-01-23,112.539
2017-01-24,113.864
2017-01-25,113.327
2017-01-26,114.544
2017-01-27,115.08
2017-01-29,114.89
2017-01-30,113.737
2017-01-31,112.666
2017-02-01,113.282
2017-02-02,112.86
2017-02-03,112.584
2017-02-05,112.575
2017-02-06,111.793
2017-02-07,112.31
2017-02-08,111.841
2017-02-09,113.282
2017-02-10,113.205
2017-02-12,113.642
2017-02-13,113.756
2017-02-14,114.317
2017-02-15,114.276
2017-02-16,113.299
2017-02-17,112.836
2017-02-19,112.932
2017-02-20,113.14
2017-02-21,113.7
2017-02-22,113.311
2017-02-23,112.734
2017-02-24,112.134
2017-02-26,112.222
2017-02-27,112.733
2017-02-28,112.84
2017-03-01,113.763
2017-03-02,114.377
2017-03-03,114.005
2017-03-05,114.085
2017-03-06,113.936
2017-03-07,113.991
2017-03-08,114.444
2017-03-09,115.093
2017-03-10,114.77
2017-03-12,114.869
2017-03-13,114.941
2017-03-14,114.696
2017-03-15,113.439
2017-03-16,113.346
2017-03-17,112.69
2017-03-19,112.724
2017-03-20,112.53
2017-03-21,111.498
2017-03-22,111.295
2017-03-23,111.028
2017-03-24,111.329
2017-03-26,110.562
2017-03-27,110.616
2017-03-28,111.117
2017-03-29,111.09
2017-03-30,111.817
2017-03-31,111.383
2017-04-02,111.327
2017-04-03,110.872
2017-04-04,110.824
2017-04-05,110.495
2017-04-06,110.85
2017-04-07,111.044
2017-04-08,111.14
2017-04-09,111.298
2017-04-10,110.755
2017-04-11,109.665
2017-04-12,109.057
2017-04-13,109.139
2017-04-14,108.48
2017-04-16,108.601
2017-04-17,109.032
2017-04-18,108.434
2017-04-19,108.91
2017-04-20,109.386
2017-04-21,109.08
2017-04-23,110.043
2017-04-24,109.822
2017-04-25,110.987
2017-04-26,111.201
2017-04-27,111.258
2017-04-28,111.495
2017-04-30,111.288
2017-05-01,111.868
2017-05-02,111.968
2017-05-03,112.705
2017-05-04,112.519
2017-05-05,112.7
2017-05-07,112.821
2017-05-08,113.262
2017-05-09,113.716
2017-05-10,114.312
2017-05-11,113.756
2017-05-12,113.28
2017-05-14,113.306
2017-05-15,113.637
2017-05-16,112.814
2017-05-17,110.942
2017-05-18,111.495
2017-05-19,111.16
2017-05-21,111.266
2017-05-22,111.093
2017-05-23,111.781
2017-05-24,111.631
2017-05-25,111.766
2017-05-26,111.31
2017-05-28,111.216
2017-05-29,111.229
2017-05-30,110.859
2017-05-31,110.833
2017-06-01,111.388
2017-06-02,110.357
2017-06-04,110.477
2017-06-05,110.469
2017-06-06,109.409
2017-06-07,109.741
2017-06-08,110.01
2017-06-09,110.327
2017-06-11,110.375
2017-06-12,109.835
2017-06-13,110.057
2017-06-14,109.346
2017-06-15,110.86
2017-06-16,110.67
2017-06-18,110.85
2017-06-19,111.636
2017-06-20,111.381
2017-06-21,111.365
2017-06-22,111.284
2017-06-23,111.26
2017-06-25,111.222
2017-06-26,111.86
2017-06-27,112.237
2017-06-28,112.324
2017-06-29,111.965
2017-06-30,112.36
2017-07-02,112.273
2017-07-03,113.324
2017-07-04,113.052
2017-07-05,113.113
2017-07-06,113.122
2017-07-07,113.869
2017-07-09,114.014
2017-07-10,114.061
2017-07-11,113.901
2017-07-12,113.302
2017-07-13,113.364
2017-07-14,112.48
2017-07-16,112.568
2017-07-17,112.603
2017-07-18,112.076
2017-07-19,111.892
2017-07-20,111.882
2017-07-21,111.153
2017-07-23,111.122
2017-07-24,111.201
2017-07-25,111.876
2017-07-26,111.119
2017-07-27,111.23
2017-07-28,110.654
2017-07-30,110.538
2017-07-31,110.306
2017-08-01,110.374
2017-08-02,110.712
2017-08-03,109.958
2017-08-04,110.64
2017-08-06,110.782
2017-08-07,110.752
2017-08-08,110.112
2017-08-09,109.942
2017-08-10,109.157
2017-08-11,109.05
2017-08-13,109.14
2017-08-14,109.738
2017-08-15,110.63
2017-08-16,110.093
2017-08-17,109.482
2017-08-18,109.14
2017-08-20,109.398
2017-08-21,109.036
2017-08-22,109.676
2017-08-23,108.931
2017-08-24,109.572
2017-08-25,109.36
2017-08-27,109.265
2017-08-28,108.637
2017-08-29,109.571
2017-08-30,110.291
2017-08-31,110.054
2017-09-01,110.247
2017-09-03,109.825
2017-09-04,109.664
2017-09-05,108.584
2017-09-06,109.174
2017-09-07,108.428
2017-09-08,107.83
2017-09-10,108.345
2017-09-11,109.267
2017-09-12,110.22
2017-09-13,110.497
2017-09-14,109.943
2017-09-15,110.731
2017-09-17,111.034
2017-09-18,111.482
2017-09-19,111.558
2017-09-20,112.36
2017-09-21,112.461
2017-09-22,111.958
2017-09-24,112.332
2017-09-25,111.722
2017-09-26,112.26
2017-09-27,112.888
2017-09-28,112.409
2017-09-29,112.428
2017-10-01,112.628
2017-10-02,112.669
2017-10-03,112.819
2017-10-04,112.765
2017-10-05,112.808
2017-10-06,112.545
2017-10-08,112.494
2017-10-09,112.679
2017-10-10,112.374
2017-10-11,112.486
2017-10-12,112.259
2017-10-13,111.791
2017-10-15,111.93
2017-10-16,112.173
2017-10-17,112.168
2017-10-18,113.085
2017-10-19,112.589
2017-10-20,113.479
2017-10-22,113.883
2017-10-23,113.365
2017-10-24,113.971
2017-10-25,113.621
2017-10-26,114.098
2017-10-27,113.658
2017-10-28,113.64
2017-10-29,113.74
2017-10-30,113.136
2017-10-31,113.641
2017-11-01,114.155
2017-11-02,114.033
2017-11-03,113.986
2017-11-05,114.134
2017-11-06,113.782
2017-11-07,113.835
2017-11-08,113.858
2017-11-09,113.462
2017-11-10,113.51
2017-11-12,113.59
2017-11-13,113.605
2017-11-14,113.468
2017-11-15,112.883
2017-11-16,113.113
2017-11-17,111.996
2017-11-19,112.181
2017-11-20,112.578
2017-11-21,112.466
2017-11-22,111.25
2017-11-23,111.222
2017-11-24,111.488
2017-11-26,111.6
2017-11-27,111.063
2017-11-28,111.494
2017-11-29,112.004
2017-11-30,112.667
2017-12-01,112.129
2017-12-03,112.743
2017-12-04,112.494
2017-12-05,112.588
2017-12-06,112.238
2017-12-07,113.082
2017-12-08,113.386
2017-12-10,113.576
2017-12-11,113.538
2017-12-12,113.541
2017-12-13,112.684
2017-12-14,112.375
2017-12-15,112.577
2017-12-17,112.623
2017-12-18,112.553
2017-12-19,112.853
2017-12-20,113.346
2017-12-21,113.349
2017-12-22,113.256
2017-12-24,113.224
2017-12-25,113.294
2017-12-26,113.19
2017-12-27,113.233
2017-12-28,112.882
2017-12-29,112.614
2017-12-31,112.669
2018-01-01,112.586
2018-01-02,112.227
2018-01-03,112.543
2018-01-04,112.775
2018-01-05,112.985
2018-01-07,113.112
2018-01-08,113.146
2018-01-09,112.623
2018-01-10,111.39
2018-01-11,111.228
2018-01-12,110.941
2018-01-14,111.093
2018-01-15,110.545
2018-01-16,110.437
2018-01-17,111.348
2018-01-18,111.047
2018-01-19,110.615
2018-01-21,110.616
2018-01-22,110.931
2018-01-23,110.276
2018-01-24,109.185
2018-01-25,109.653
2018-01-26,108.516
2018-01-28,108.654
2018-01-29,108.992
2018-01-30,108.758
2018-01-31,109.193
2018-02-01,109.452
2018-02-02,110.03
2018-02-04,110.269
2018-02-05,109.13
2018-02-06,109.699
2018-02-07,109.372
2018-02-08,108.745
2018-02-09,108.777
2018-02-11,108.849
2018-02-12,108.717
2018-02-13,107.828
2018-02-14,106.971
2018-02-15,106.15
2018-02-16,106.126
2018-02-18,106.309
2018-02-19,106.605
2018-02-20,107.316
2018-02-21,107.748
2018-02-22,106.723
2018-02-23,106.796
2018-02-25,107.054
2018-02-26,107.003
2018-02-27,107.348
2018-02-28,106.654
2018-03-01,106.095
2018-03-02,105.716
2018-03-04,105.609
2018-03-05,106.214
2018-03-06,105.66
2018-03-07,106.125
2018-03-08,106.286
2018-03-09,106.806
2018-03-10,106.77
2018-03-11,106.942
2018-03-12,106.404
2018-03-13,106.487
2018-03-14,106.319
2018-03-15,106.288
2018-03-16,105.976
2018-03-18,105.977
2018-03-19,106.04
2018-03-20,106.538
2018-03-21,105.963
2018-03-22,104.848
2018-03-23,104.729
2018-03-25,104.727
2018-03-26,105.452
2018-03-27,105.398
2018-03-28,106.82
2018-03-29,106.481
2018-03-30,106.248
2018-04-01,106.292
2018-04-02,105.833
2018-04-03,106.504
2018-04-04,106.78
2018-04-05,107.15
2018-04-06,106.892
2018-04-08,106.894
2018-04-09,106.734
2018-04-10,107.207
2018-04-11,106.8
2018-04-12,107.249
2018-04-13,107.32
2018-04-15,107.541
2018-04-16,107.114
2018-04-17,107.033
2018-04-18,107.213
2018-04-19,107.423
2018-04-20,107.647
2018-04-22,107.78
2018-04-23,108.672
2018-04-24,108.856
2018-04-25,109.409
2018-04-26,109.35
2018-04-27,109.033
2018-04-29,109.144
2018-04-30,109.267
2018-05-01,109.908
2018-05-02,109.829
2018-05-03,109.157
2018-05-04,109.101
2018-05-06,109.077
2018-05-07,109.135
2018-05-08,109.1
2018-05-09,109.745
2018-05-10,109.406
2018-05-11,109.38
2018-05-13,109.364
2018-05-14,109.705
2018-05-15,110.285
2018-05-16,110.294
2018-05-17,110.783
2018-05-18,110.776
2018-05-20,110.866
2018-05-21,110.957
2018-05-22,110.824
2018-05-23,109.989
2018-05-24,109.259
2018-05-25,109.425
2018-05-26,109.425
2018-05-27,109.641
2018-05-28,109.45
2018-05-29,108.629
2018-05-30,108.824
2018-05-31,108.773
2018-06-01,109.518
2018-06-03,109.552
2018-06-04,109.891
2018-06-05,109.826
2018-06-06,110.16
2018-06-07,109.692
2018-06-08,109.515
2018-06-10,109.418
2018-06-11,110.165
2018-06-12,110.443
2018-06-13,110.19
2018-06-14,110.571
2018-06-15,110.635
2018-06-17,110.614
2018-06-18,110.542
2018-06-19,110.034
2018-06-20,110.376
2018-06-21,109.899
2018-06-22,109.855
2018-06-24,109.921
2018-06-25,109.677
2018-06-26,110.058
2018-06-27,110.231
2018-06-28,110.49
2018-06-29,110.67
2018-07-01,110.702
2018-07-02,110.838
2018-07-03,110.5
2018-07-04,110.471
2018-07-05,110.659
2018-07-06,110.464
2018-07-08,110.408
2018-07-09,110.87
2018-07-10,110.841
2018-07-11,111.942
2018-07-12,112.607
2018-07-13,112.33
2018-07-15,112.395
2018-07-16,112.308
2018-07-17,112.924
2018-07-18,112.858
2018-07-19,112.443
2018-07-20,111.416
2018-07-22,111.334
2018-07-23,111.376
2018-07-24,111.24
2018-07-25,110.915
2018-07-26,111.201
2018-07-27,111.021
2018-07-29,110.964
2018-07-30,111.021
2018-07-31,111.767
2018-08-01,111.67
2018-08-02,111.619
2018-08-03,111.205
2018-08-05,111.246
2018-08-06,111.362
2018-08-07,111.364
2018-08-08,110.882
2018-08-09,111.158
2018-08-10,110.797
2018-08-12,110.595
2018-08-13,110.722
2018-08-14,111.18
2018-08-15,110.63
2018-08-16,110.945
2018-08-17,110.49
2018-08-19,110.499
2018-08-20,109.93
2018-08-21,110.078
2018-08-22,110.549
2018-08-23,111.352
2018-08-24,111.216
2018-08-26,111.247
2018-08-27,111.074
2018-08-28,111.181
2018-08-29,111.725
2018-08-30,111.018
2018-08-31,111.02
2018-09-02,111.169
2018-09-03,111.089
2018-09-04,111.461
2018-09-05,111.464
2018-09-06,110.667
2018-09-07,110.988
2018-09-09,110.988
2018-09-10,111.136
2018-09-11,111.63
2018-09-12,111.234
2018-09-13,112.042
2018-09-14,112.049
2018-09-16,111.969
2018-09-17,111.682
2018-09-18,112.35
2018-09-19,112.27
2018-09-20,112.484
2018-09-21,112.567
2018-09-23,112.543
2018-09-24,112.792
2018-09-25,112.971
2018-09-26,112.756
2018-09-27,113.4
2018-09-28,113.66
2018-09-30,113.745
2018-10-01,113.998
2018-10-02,113.652
2018-10-03,114.461
2018-10-04,113.893
2018-10-05,113.709
2018-10-07,113.71
2018-10-08,113.134
2018-10-09,113.013
2018-10-10,112.248
2018-10-11,112.115
2018-10-12,112.198
2018-10-14,112.181
2018-10-15,111.772
2018-10-16,112.311
2018-10-17,112.621
2018-10-18,112.195
2018-10-19,112.531
2018-10-21,112.46
2018-10-22,112.822
2018-10-23,112.385
2018-10-24,112.087
2018-10-25,112.402
2018-10-26,111.83
2018-10-28,111.865
2018-10-29,112.344
2018-10-30,113.084
2018-10-31,112.932
2018-11-01,112.648
2018-11-02,113.16
2018-11-04,113.209
2018-11-05,113.2
2018-11-06,113.45
2018-11-07,113.525
2018-11-08,114.045
2018-11-09,113.82
2018-11-11,113.862
2018-11-12,113.798
2018-11-13,113.804
2018-11-14,113.57
2018-11-15,113.58
2018-11-16,112.812
2018-11-18,112.805
2018-11-19,112.484
2018-11-20,112.728
2018-11-21,113.107
2018-11-22,112.943
2018-11-23,112.94
2018-11-25,112.912
2018-11-26,113.565
2018-11-27,113.767
2018-11-28,113.621
2018-11-29,113.452
2018-11-30,113.545
2018-12-02,113.719
2018-12-03,113.624
2018-12-04,112.755
2018-12-05,113.158
2018-12-06,112.714
2018-12-07,112.72
2018-12-09,112.628
2018-12-10,113.26
2018-12-11,113.391
2018-12-12,113.269
2018-12-13,113.595
2018-12-14,113.35
2018-12-16,113.32
2018-12-17,112.82
2018-12-18,112.474
2018-12-19,112.415
2018-12-20,111.283
2018-12-21,111.21
2018-12-23,111.03
2018-12-24,110.42
2018-12-25,110.217
2018-12-26,111.302
2018-12-27,110.919
2018-12-28,110.251
2018-12-30,110.281
2018-12-31,109.63
2019-01-01,109.678
2019-01-02,106.711
2019-01-03,107.675
2019-01-04,108.48
2019-01-06,108.47
2019-01-07,108.653
2019-01-08,108.781
2019-01-09,108.156
2019-01-10,108.435
2019-01-11,108.472
2019-01-13,108.502
2019-01-14,108.153
2019-01-15,108.63
2019-01-16,109.117
2019-01-17,109.19
2019-01-18,109.772
2019-01-20,109.732
2019-01-21,109.633
2019-01-22,109.334
2019-01-23,109.557
2019-01-24,109.565
2019-01-25,109.536
2019-01-27,109.531
2019-01-28,109.298
2019-01-29,109.358
2019-01-30,109.059
2019-01-31,108.836
2019-02-01,109.48
2019-02-03,109.477
2019-02-04,109.905
2019-02-05,109.947
2019-02-06,109.924
2019-02-07,109.771
2019-02-08,109.722
2019-02-10,109.804
2019-02-11,110.387
2019-02-12,110.462
2019-02-13,111.031
2019-02-14,110.481
2019-02-15,110.535
2019-02-17,110.5
2019-02-18,110.612
2019-02-19,110.58
2019-02-20,110.801
2019-02-21,110.663
2019-02-22,110.62
2019-02-24,110.762
2019-02-25,111.068
2019-02-26,110.562
2019-02-27,110.945
2019-02-28,111.383
2019-03-01,111.878
2019-03-03,111.818
2019-03-04,111.744
2019-03-05,111.887
2019-03-06,111.701
2019-03-07,111.61
2019-03-08,111.1
2019-03-10,111.089
2019-03-11,111.327
2019-03-12,111.313
2019-03-13,111.255
2019-03-14,111.691
2019-03-15,111.42
2019-03-17,111.482
2019-03-18,111.399
2019-03-19,111.366
2019-03-20,110.72
2019-03-21,110.788
2019-03-22,109.91
2019-03-24,110.01
2019-03-25,110.036
2019-03-26,110.527
2019-03-27,110.488
2019-03-28,110.655
2019-03-29,110.82
2019-03-31,110.941
2019-04-01,111.401
2019-04-02,111.331
2019-04-03,111.465
2019-04-04,111.636
2019-04-05,111.73
2019-04-07,111.676
2019-04-08,111.473
2019-04-09,111.132
2019-04-10,110.949
2019-04-11,111.625
2019-04-12,112.02
2019-04-14,111.992
2019-04-15,111.989
2019-04-16,111.985
2019-04-17,112.036
2019-04-18,111.978
2019-04-19,111.91
2019-04-21,111.917
2019-04-22,111.936
2019-04-23,111.871
2019-04-24,112.097
2019-04-25,111.574
2019-04-26,111.59
2019-04-28,111.598
2019-04-29,111.664
2019-04-30,111.449
2019-05-01,111.389
2019-05-02,111.526
2019-05-03,111.11
2019-05-05,110.811
2019-05-06,110.78
2019-05-07,110.251
2019-05-08,110.066
2019-05-09,109.72
2019-05-10,109.891
2019-05-12,109.766
2019-05-13,109.229
2019-05-14,109.65
2019-05-15,109.555
2019-05-16,109.862
2019-05-17,109.95
2019-05-19,110.035
2019-05-20,110.037
2019-05-21,110.545
2019-05-22,110.302
2019-05-23,109.5
2019-05-24,109.3
2019-05-26,109.404
2019-05-27,109.536
2019-05-28,109.36
2019-05-29,109.591
2019-05-30,109.583
2019-05-31,108.27
2019-06-02,108.195
2019-06-03,107.955
2019-06-04,108.202
2019-06-05,108.265
2019-06-06,108.367
2019-06-07,108.18
2019-06-09,108.467
2019-06-10,108.422
2019-06-11,108.516
2019-06-12,108.462
2019-06-13,108.367
2019-06-14,108.55
2019-06-16,108.544
2019-06-17,108.547
2019-06-18,108.511
2019-06-19,108.084
2019-06-20,107.349
2019-06-21,107.31
2019-06-23,107.358
2019-06-24,107.33
2019-06-25,107.2
2019-06-26,107.727
2019-06-27,107.786
2019-06-28,107.82
2019-06-30,108.49
2019-07-01,108.316
2019-07-02,107.855
2019-07-03,107.785
2019-07-04,107.798
2019-07-05,108.46
2019-07-07,108.507
2019-07-08,108.729
2019-07-09,108.885
2019-07-10,108.32
2019-07-11,108.47
2019-07-12,107.93
2019-07-14,107.879
2019-07-15,107.863
2019-07-16,108.153
