date,tslaclose,tslavolume
2010-06-29,23.89,18766300.0
2010-06-30,23.83,17187100.0
2010-07-01,21.96,8218800.0
2010-07-02,19.2,5139800.0
2010-07-06,16.11,6866900.0
2010-07-07,15.8,6921700.0
2010-07-08,17.46,7711400.0
2010-07-09,17.4,4050600.0
2010-07-12,17.05,2202500.0
2010-07-13,18.14,2680100.0
2010-07-14,19.84,4195200.0
2010-07-15,19.89,3739800.0
2010-07-16,20.64,2621300.0
2010-07-19,21.91,2486500.0
2010-07-20,20.3,1825300.0
2010-07-21,20.22,1252500.0
2010-07-22,21.0,957800.0
2010-07-23,21.29,653600.0
2010-07-26,20.95,922200.0
2010-07-27,20.55,619700.0
2010-07-28,20.72,467200.0
2010-07-29,20.35,616000.0
2010-07-30,19.94,426900.0
2010-08-02,20.92,718100.0
2010-08-03,21.95,1230500.0
2010-08-04,21.26,913000.0
2010-08-05,20.45,796200.0
2010-08-06,19.59,741900.0
2010-08-09,19.6,812700.0
2010-08-10,19.03,1281300.0
2010-08-11,17.9,797600.0
2010-08-12,17.6,691000.0
2010-08-13,18.32,634000.0
2010-08-16,18.78,485800.0
2010-08-17,19.15,447900.0
2010-08-18,18.77,601300.0
2010-08-19,18.79,579100.0
2010-08-20,19.1,296000.0
2010-08-23,20.13,1088100.0
2010-08-24,19.2,673100.0
2010-08-25,19.9,503300.0
2010-08-26,19.75,433800.0
2010-08-27,19.7,379600.0
2010-08-30,19.87,732800.0
2010-08-31,19.48,201100.0
2010-09-01,20.45,494900.0
2010-09-02,21.06,487100.0
2010-09-03,21.05,434600.0
2010-09-07,20.54,243400.0
2010-09-08,20.9,288400.0
2010-09-09,20.71,376200.0
2010-09-10,20.17,386600.0
2010-09-13,20.72,360800.0
2010-09-14,21.12,654700.0
2010-09-15,21.98,684600.0
2010-09-16,20.94,2684500.0
2010-09-17,20.23,1198500.0
2010-09-20,21.055,947500.0
2010-09-21,20.77,796000.0
2010-09-22,19.87,962900.0
2010-09-23,19.56,668100.0
2010-09-24,20.1,578900.0
2010-09-27,20.53,418600.0
2010-09-28,21.4,1214500.0
2010-09-29,21.98,1969300.0
2010-09-30,20.405,2195800.0
2010-10-01,20.6,597700.0
2010-10-04,20.99,643600.0
2010-10-05,21.12,332000.0
2010-10-06,20.46,313400.0
2010-10-07,20.43,141000.0
2010-10-08,20.43,267800.0
2010-10-11,20.24,171200.0
2010-10-12,20.24,244000.0
2010-10-13,20.54,318200.0
2010-10-14,20.75,294800.0
2010-10-15,20.54,284700.0
2010-10-18,20.23,162800.0
2010-10-19,20.05,245200.0
2010-10-20,20.65,312500.0
2010-10-21,20.75,417100.0
2010-10-22,20.72,161100.0
2010-10-25,20.85,118500.0
2010-10-26,21.36,660900.0
2010-10-27,21.0,356500.0
2010-10-28,21.19,224200.0
2010-10-29,21.84,280600.0
2010-11-01,21.41,455800.0
2010-11-02,21.25,322500.0
2010-11-03,21.77,372600.0
2010-11-04,24.9,1874000.0
2010-11-05,24.44,1011000.0
2010-11-08,24.98,509500.0
2010-11-09,24.63,956400.0
2010-11-10,29.36,3060500.0
2010-11-11,28.035,1945300.0
2010-11-12,29.84,2729100.0
2010-11-15,30.8,2622900.0
2010-11-16,29.67,1347600.0
2010-11-17,29.49,750000.0
2010-11-18,29.89,956100.0
2010-11-19,30.99,1150500.0
2010-11-22,33.4,1529700.0
2010-11-23,34.57,1577800.0
2010-11-24,35.47,1425000.0
2010-11-26,35.32,350600.0
2010-11-29,34.33,1145600.0
2010-11-30,35.33,2222600.0
2010-12-01,34.35,1299200.0
2010-12-02,32.35,2007000.0
2010-12-03,31.49,1160100.0
2010-12-06,30.31,1274400.0
2010-12-07,31.56,1311300.0
2010-12-08,32.37,660000.0
2010-12-09,32.05,406000.0
2010-12-10,31.52,429400.0
2010-12-13,30.55,410400.0
2010-12-14,28.53,1765700.0
2010-12-15,29.6,742900.0
2010-12-16,30.81,790100.0
2010-12-17,31.36,813000.0
2010-12-20,31.7,523400.0
2010-12-21,32.26,777700.0
2010-12-22,32.63,833300.0
2010-12-23,30.09,1552600.0
2010-12-27,25.549,9301900.0
2010-12-28,26.41,4056300.0
2010-12-29,27.73,3319200.0
2010-12-30,26.5,2041100.0
2010-12-31,26.63,1417900.0
2011-01-03,26.62,1283000.0
2011-01-04,26.67,1187400.0
2011-01-05,26.83,1446700.0
2011-01-06,27.88,2061200.0
2011-01-07,28.24,2247900.0
2011-01-10,28.45,1342700.0
2011-01-11,26.96,1710200.0
2011-01-12,26.96,964400.0
2011-01-13,26.22,723600.0
2011-01-14,25.75,1192000.0
2011-01-18,25.64,1621700.0
2011-01-19,24.03,2371500.0
2011-01-20,22.62,2279900.0
2011-01-21,23.04,1217000.0
2011-01-24,24.49,1645100.0
2011-01-25,24.68,1271500.0
2011-01-26,24.75,1079900.0
2011-01-27,24.92,895700.0
2011-01-28,24.01,1048400.0
2011-01-31,24.1,830300.0
2011-02-01,23.91,707800.0
2011-02-02,23.94,569500.0
2011-02-03,23.63,512000.0
2011-02-04,23.46,544000.0
2011-02-07,23.07,895100.0
2011-02-08,24.49,3504900.0
2011-02-09,23.21,2635600.0
2011-02-10,23.215,836100.0
2011-02-11,23.25,634500.0
2011-02-14,23.08,1283100.0
2011-02-15,22.84,953700.0
2011-02-16,24.73,4115100.0
2011-02-17,23.6,2618400.0
2011-02-18,23.18,2370700.0
2011-02-22,21.87,2064600.0
2011-02-23,21.83,1605600.0
2011-02-24,22.53,1055300.0
2011-02-25,23.61,1346300.0
2011-02-28,23.89,1051200.0
2011-03-01,23.94,1106400.0
2011-03-02,24.02,663300.0
2011-03-03,24.36,640200.0
2011-03-04,24.95,1580100.0
2011-03-07,24.94,2033600.0
2011-03-08,24.66,1399900.0
2011-03-09,24.72,924800.0
2011-03-10,24.01,1017000.0
2011-03-11,24.07,930800.0
2011-03-14,23.25,1166000.0
2011-03-15,22.95,1318800.0
2011-03-16,22.82,1169700.0
2011-03-17,22.81,922600.0
2011-03-18,22.96,687900.0
2011-03-21,22.73,411700.0
2011-03-22,22.19,582900.0
2011-03-23,22.21,422800.0
2011-03-24,22.33,462200.0
2011-03-25,22.75,568000.0
2011-03-28,23.25,1058100.0
2011-03-29,23.92,755400.0
2011-03-30,23.71,1223300.0
2011-03-31,27.75,11517800.0
2011-04-01,26.66,2864800.0
2011-04-04,25.83,2609300.0
2011-04-05,26.7,3180900.0
2011-04-06,26.49,1288300.0
2011-04-07,27.24,2810300.0
2011-04-08,26.49,1946400.0
2011-04-11,25.27,1369400.0
2011-04-12,24.65,1357400.0
2011-04-13,24.93,1211500.0
2011-04-14,25.14,983400.0
2011-04-15,25.58,943500.0
2011-04-18,25.03,1033900.0
2011-04-19,25.16,548700.0
2011-04-20,25.75,837200.0
2011-04-21,26.74,1386100.0
2011-04-25,26.39,800900.0
2011-04-26,26.93,1400000.0
2011-04-27,27.08,996900.0
2011-04-28,27.66,1600000.0
2011-04-29,27.6,726000.0
2011-05-02,27.45,784600.0
2011-05-03,26.87,913900.0
2011-05-04,26.69,1044500.0
2011-05-05,26.44,1218500.0
2011-05-06,27.12,981700.0
2011-05-09,27.91,916400.0
2011-05-10,28.33,1535300.0
2011-05-11,27.07,962500.0
2011-05-12,27.67,628000.0
2011-05-13,27.55,661500.0
2011-05-16,26.6,755700.0
2011-05-17,25.96,1234200.0
2011-05-18,26.35,729500.0
2011-05-19,28.2,2655100.0
2011-05-20,27.97,842500.0
2011-05-23,26.82,863600.0
2011-05-24,26.72,613700.0
2011-05-25,28.98,4693100.0
2011-05-26,29.48,3336900.0
2011-05-27,29.55,1687100.0
2011-05-31,30.14,3290500.0
2011-06-01,28.517,1529900.0
2011-06-02,28.76,986300.0
2011-06-03,30.13,6209200.0
2011-06-06,28.7,2331100.0
2011-06-07,28.37,1222100.0
2011-06-08,27.12,1695900.0
2011-06-09,27.62,1603200.0
2011-06-10,27.86,1566600.0
2011-06-13,28.43,1713400.0
2011-06-14,28.6,1573400.0
2011-06-15,27.32,1345000.0
2011-06-16,26.5,1842200.0
2011-06-17,26.5,1714000.0
2011-06-20,26.01,1537800.0
2011-06-21,27.53,1496000.0
2011-06-22,27.21,1475600.0
2011-06-23,27.71,1170000.0
2011-06-24,27.565,3608500.0
2011-06-27,27.46,1809400.0
2011-06-28,28.11,889200.0
2011-06-29,28.29,1461800.0
2011-06-30,29.13,946700.0
2011-07-01,29.02,854900.0
2011-07-05,29.14,996000.0
2011-07-06,28.96,926900.0
2011-07-07,29.73,1327900.0
2011-07-08,28.81,1240600.0
2011-07-11,28.35,975800.0
2011-07-12,28.17,1045400.0
2011-07-13,28.64,1066000.0
2011-07-14,27.61,1159000.0
2011-07-15,27.58,709000.0
2011-07-18,27.23,851900.0
2011-07-19,27.89,1026100.0
2011-07-20,28.69,3048300.0
2011-07-21,28.7,1011500.0
2011-07-22,29.29,583500.0
2011-07-25,28.49,673300.0
2011-07-26,28.0,760600.0
2011-07-27,27.64,958500.0
2011-07-28,28.17,938700.0
2011-07-29,28.17,948200.0
2011-08-01,28.77,1164900.0
2011-08-02,27.34,1549400.0
2011-08-03,27.2,1794500.0
2011-08-04,24.75,3064500.0
2011-08-05,24.24,1964400.0
2011-08-08,23.64,2608500.0
2011-08-09,25.06,1333400.0
2011-08-10,23.82,1564200.0
2011-08-11,25.3,836500.0
2011-08-12,26.31,1009100.0
2011-08-15,26.23,738600.0
2011-08-16,26.1,537700.0
2011-08-17,25.83,643700.0
2011-08-18,24.26,1056600.0
2011-08-19,22.3,1375300.0
2011-08-22,21.95,986100.0
2011-08-23,22.96,869000.0
2011-08-24,23.87,684300.0
2011-08-25,23.11,679800.0
2011-08-26,23.73,761800.0
2011-08-29,24.71,803400.0
2011-08-30,24.63,366200.0
2011-08-31,24.74,823800.0
2011-09-01,24.0,848100.0
2011-09-02,23.07,769900.0
2011-09-06,22.94,809800.0
2011-09-07,23.84,459200.0
2011-09-08,23.61,505700.0
2011-09-09,22.97,669300.0
2011-09-12,22.88,566600.0
2011-09-13,24.08,726500.0
2011-09-14,24.34,830800.0
2011-09-15,24.82,562600.0
2011-09-16,25.8,1417100.0
2011-09-19,25.77,1157400.0
2011-09-20,26.01,1180400.0
2011-09-21,25.85,987600.0
2011-09-22,25.63,775800.0
2011-09-23,26.38,1156400.0
2011-09-26,25.52,934800.0
2011-09-27,26.19,674500.0
2011-09-28,24.59,723300.0
2011-09-29,24.12,929600.0
2011-09-30,24.39,1336100.0
2011-10-03,23.73,1023200.0
2011-10-04,23.66,1200300.0
2011-10-05,25.37,1229500.0
2011-10-06,26.96,1769100.0
2011-10-07,26.99,1311600.0
2011-10-10,27.88,923500.0
2011-10-11,27.61,575700.0
2011-10-12,27.8,1123400.0
2011-10-13,27.94,1043500.0
2011-10-14,28.05,1400500.0
2011-10-17,27.42,754500.0
2011-10-18,28.34,999700.0
2011-10-19,27.57,792900.0
2011-10-20,27.34,999700.0
2011-10-21,28.03,1142600.0
2011-10-24,28.55,940600.0
2011-10-25,28.25,654400.0
2011-10-26,27.98,510500.0
2011-10-27,28.76,869400.0
2011-10-28,29.87,1264000.0
2011-10-31,29.37,1134000.0
2011-11-01,28.88,635200.0
2011-11-02,28.71,875300.0
2011-11-03,32.46,2509700.0
2011-11-04,32.31,3032900.0
2011-11-07,31.27,1266300.0
2011-11-08,31.84,1167900.0
2011-11-09,30.88,953700.0
2011-11-10,31.33,747300.0
2011-11-11,33.64,3868300.0
2011-11-14,33.22,1325700.0
2011-11-15,33.93,891000.0
2011-11-16,34.94,1833200.0
2011-11-17,33.68,1349300.0
2011-11-18,32.6,902800.0
2011-11-21,31.76,1031600.0
2011-11-22,32.07,732600.0
2011-11-23,31.45,451800.0
2011-11-25,31.66,239600.0
2011-11-28,32.56,681200.0
2011-11-29,31.75,591100.0
2011-11-30,32.74,760300.0
2011-12-01,32.6,1030200.0
2011-12-02,33.3,802800.0
2011-12-05,34.42,1160100.0
2011-12-06,34.87,951800.0
2011-12-07,34.19,674300.0
2011-12-08,30.89,3305800.0
2011-12-09,31.04,1239500.0
2011-12-12,30.41,758700.0
2011-12-13,29.45,994100.0
2011-12-14,28.53,1163900.0
2011-12-15,28.62,700300.0
2011-12-16,28.0,1029700.0
2011-12-19,27.75,987000.0
2011-12-20,27.9,843300.0
2011-12-21,27.57,1705500.0
2011-12-22,27.77,1009400.0
2011-12-23,27.9,591400.0
2011-12-27,28.57,777500.0
2011-12-28,28.51,575200.0
2011-12-29,28.73,488200.0
2011-12-30,28.56,339800.0
2012-01-03,28.08,928100.0
2012-01-04,27.71,630100.0
2012-01-05,27.12,1005500.0
2012-01-06,26.91,986300.0
2012-01-09,27.25,897000.0
2012-01-10,27.62,671800.0
2012-01-11,28.23,672300.0
2012-01-12,28.25,729300.0
2012-01-13,22.79,5500400.0
2012-01-17,26.6,4651600.0
2012-01-18,26.81,1260200.0
2012-01-19,26.76,1246300.0
2012-01-20,26.6,662300.0
2012-01-23,26.77,594600.0
2012-01-24,27.42,858000.0
2012-01-25,27.97,611200.0
2012-01-26,28.94,1271100.0
2012-01-27,29.33,748400.0
2012-01-30,29.57,729000.0
2012-01-31,29.07,956400.0
2012-02-01,29.58,523200.0
2012-02-02,30.25,805700.0
2012-02-03,31.15,764500.0
2012-02-06,31.8,652100.0
2012-02-07,31.6,1021600.0
2012-02-08,31.93,623700.0
2012-02-09,32.58,1277100.0
2012-02-10,31.1,1874200.0
2012-02-13,31.49,1157900.0
2012-02-14,33.17,1810800.0
2012-02-15,33.6,2761800.0
2012-02-16,34.18,2219700.0
2012-02-17,34.97,1376700.0
2012-02-21,34.5,1135800.0
2012-02-22,34.22,1654600.0
2012-02-23,34.53,820400.0
2012-02-24,33.75,959900.0
2012-02-27,33.62,606000.0
2012-02-28,33.81,612200.0
2012-02-29,33.41,535700.0
2012-03-01,34.41,703500.0
2012-03-02,34.04,550000.0
2012-03-05,33.77,467000.0
2012-03-06,33.11,573800.0
2012-03-07,33.12,364900.0
2012-03-08,33.07,633300.0
2012-03-09,34.74,1553400.0
2012-03-12,36.01,1963300.0
2012-03-13,36.09,1001600.0
2012-03-14,35.29,851500.0
2012-03-15,35.0,571600.0
2012-03-16,35.32,729300.0
2012-03-19,34.98,1015600.0
2012-03-20,34.96,567000.0
2012-03-21,35.15,607200.0
2012-03-22,34.4,522400.0
2012-03-23,34.08,1170600.0
2012-03-26,37.4,3140500.0
2012-03-27,37.94,2539200.0
2012-03-28,37.85,955000.0
2012-03-29,37.33,796400.0
2012-03-30,37.24,886400.0
2012-04-02,36.58,1028600.0
2012-04-03,38.01,1098100.0
2012-04-04,35.0,4481800.0
2012-04-05,34.48,1509400.0
2012-04-09,33.15,1655700.0
2012-04-10,32.46,1847700.0
2012-04-11,33.09,1105500.0
2012-04-12,33.44,1033900.0
2012-04-13,33.59,649600.0
2012-04-16,32.25,1099600.0
2012-04-17,32.24,1115500.0
2012-04-18,32.66,823100.0
2012-04-19,33.16,774900.0
2012-04-20,33.16,821800.0
2012-04-23,31.94,890800.0
2012-04-24,31.82,674500.0
2012-04-25,32.91,712200.0
2012-04-26,33.49,425300.0
2012-04-27,33.34,591000.0
2012-04-30,33.13,413900.0
2012-05-01,33.78,659000.0
2012-05-02,33.94,497300.0
2012-05-03,32.46,841300.0
2012-05-04,31.83,1247500.0
2012-05-07,32.47,1158000.0
2012-05-08,30.19,3097200.0
2012-05-09,30.06,1947900.0
2012-05-10,32.96,5556300.0
2012-05-11,32.25,1221300.0
2012-05-14,30.06,1380900.0
2012-05-15,29.43,1585700.0
2012-05-16,29.18,1257100.0
2012-05-17,28.57,1149000.0
2012-05-18,27.56,1616500.0
2012-05-21,28.77,1475200.0
2012-05-22,30.79,2366200.0
2012-05-23,31.02,1220400.0
2012-05-24,30.32,1075600.0
2012-05-25,29.81,757000.0
2012-05-29,31.69,1650000.0
2012-05-30,30.41,1307200.0
2012-05-31,29.5,1118700.0
2012-06-01,28.15,885800.0
2012-06-04,27.88,1030900.0
2012-06-05,27.91,630900.0
2012-06-06,29.22,909900.0
2012-06-07,28.93,492100.0
2012-06-08,30.08,881100.0
2012-06-11,29.12,636000.0
2012-06-12,29.66,569000.0
2012-06-13,29.77,844100.0
2012-06-14,29.39,872200.0
2012-06-15,29.91,646800.0
2012-06-18,31.84,1256800.0
2012-06-19,32.09,911100.0
2012-06-20,33.78,3422400.0
2012-06-21,32.19,1891900.0
2012-06-22,33.785,3046600.0
2012-06-25,33.11,1498500.0
2012-06-26,31.61,2613900.0
2012-06-27,31.96,1047200.0
2012-06-28,31.41,914100.0
2012-06-29,31.29,1125800.0
2012-07-02,30.4,1315600.0
2012-07-03,30.66,947000.0
2012-07-05,31.23,1253800.0
2012-07-06,30.99,784500.0
2012-07-09,31.49,910500.0
2012-07-10,31.27,758400.0
2012-07-11,31.51,638600.0
2012-07-12,32.7,1125700.0
2012-07-13,34.25,1304800.0
2012-07-16,35.96,1744000.0
2012-07-17,33.35,2569300.0
2012-07-18,32.15,2881900.0
2012-07-19,32.27,1435900.0
2012-07-20,31.79,1568500.0
2012-07-23,30.66,1386800.0
2012-07-24,29.84,1500300.0
2012-07-25,28.95,2842200.0
2012-07-26,28.13,2262300.0
2012-07-27,29.51,1673000.0
2012-07-30,27.35,2065200.0
2012-07-31,27.42,1575100.0
2012-08-01,26.25,1592300.0
2012-08-02,26.1,1305100.0
2012-08-03,27.27,1209500.0
2012-08-06,28.27,1528200.0
2012-08-07,30.25,2387200.0
2012-08-08,29.09,1308900.0
2012-08-09,29.41,672600.0
2012-08-10,29.94,707400.0
2012-08-13,31.17,870100.0
2012-08-14,29.42,793400.0
2012-08-15,29.4,525400.0
2012-08-16,30.3,669000.0
2012-08-17,30.01,508200.0
2012-08-20,29.51,1179100.0
2012-08-21,29.11,761600.0
2012-08-22,29.95,775500.0
2012-08-23,30.73,1471000.0
2012-08-24,29.5,1429400.0
2012-08-27,28.32,1350400.0
2012-08-28,28.69,1402700.0
2012-08-29,28.41,838900.0
2012-08-30,28.41,656400.0
2012-08-31,28.52,539800.0
2012-09-04,28.14,752500.0
2012-09-05,27.94,639300.0
2012-09-06,28.55,841700.0
2012-09-07,29.35,953200.0
2012-09-10,27.37,1483300.0
2012-09-11,27.8,1014900.0
2012-09-12,28.28,1145200.0
2012-09-13,29.48,1484700.0
2012-09-14,30.39,1536600.0
2012-09-17,32.54,3212800.0
2012-09-18,31.34,1788500.0
2012-09-19,31.05,1048500.0
2012-09-20,30.9,912400.0
2012-09-21,30.02,1870000.0
2012-09-24,30.66,1301900.0
2012-09-25,27.66,5680400.0
2012-09-26,27.54,1527200.0
2012-09-27,28.49,1758600.0
2012-09-28,29.28,4343400.0
2012-10-01,29.16,884400.0
2012-10-02,29.8,729000.0
2012-10-03,29.3,1052800.0
2012-10-04,29.4,1541300.0
2012-10-05,28.89,938600.0
2012-10-08,29.25,889700.0
2012-10-09,28.37,1193000.0
2012-10-10,28.4,503600.0
2012-10-11,28.32,450600.0
2012-10-12,27.64,987600.0
2012-10-15,27.33,1468700.0
2012-10-16,28.06,479300.0
2012-10-17,28.8191,668000.0
2012-10-18,28.04,741000.0
2012-10-19,27.74,1027400.0
2012-10-22,27.85,470200.0
2012-10-23,28.39,749000.0
2012-10-24,27.42,1016400.0
2012-10-25,27.52,577700.0
2012-10-26,27.38,477400.0
2012-10-31,28.1314,775200.0
2012-11-01,29.2454,1024100.0
2012-11-02,28.9182,1030300.0
2012-11-05,31.5,2048900.0
2012-11-06,31.15,2324000.0
2012-11-07,31.54,1714500.0
2012-11-08,31.31,1274000.0
2012-11-09,30.32,863000.0
2012-11-12,31.07,555900.0
2012-11-13,31.6143,998300.0
2012-11-14,31.38,871300.0
2012-11-15,30.82,984000.0
2012-11-16,31.8399,908700.0
2012-11-19,32.92,1392400.0
2012-11-20,33.0,922500.0
2012-11-21,32.47,963200.0
2012-11-23,32.13,430300.0
2012-11-26,32.27,495800.0
2012-11-27,32.15,910800.0
2012-11-28,33.23,1525200.0
2012-11-29,33.69,1103400.0
2012-11-30,33.82,1420300.0
2012-12-03,34.62,2085700.0
2012-12-04,33.9,1263300.0
2012-12-05,33.71,661500.0
2012-12-06,33.9,660400.0
2012-12-07,34.17,664400.0
2012-12-10,34.57,929800.0
2012-12-11,35.28,1572600.0
2012-12-12,35.26,2063800.0
2012-12-13,33.61,2151300.0
2012-12-14,33.81,1023000.0
2012-12-17,34.4,824900.0
2012-12-18,34.59,1553900.0
2012-12-19,34.61,1298800.0
2012-12-20,34.43,921200.0
2012-12-21,34.0,1492400.0
2012-12-24,34.28,375800.0
2012-12-26,33.59,601400.0
2012-12-27,33.69,561100.0
2012-12-28,33.22,414100.0
2012-12-31,33.87,594900.0
2013-01-02,35.36,1194800.0
2013-01-03,34.77,742000.0
2013-01-04,34.4,674000.0
2013-01-07,34.34,442000.0
2013-01-08,33.68,1284000.0
2013-01-09,33.64,698000.0
2013-01-10,33.53,922500.0
2013-01-11,32.91,1563200.0
2013-01-14,33.26,925100.0
2013-01-15,33.9,1624200.0
2013-01-16,34.1,1378200.0
2013-01-17,34.38,1436700.0
2013-01-18,34.52,3555100.0
2013-01-22,35.19,1920200.0
2013-01-23,36.0,1564300.0
2013-01-24,36.99,1970400.0
2013-01-25,36.98,1287800.0
2013-01-28,38.03,1986000.0
2013-01-29,37.95,1426600.0
2013-01-30,37.52,968100.0
2013-01-31,37.51,901400.0
2013-02-01,38.3,1100600.0
2013-02-04,37.74,1128000.0
2013-02-05,38.13,1310200.0
2013-02-06,39.17,1893200.0
2013-02-07,39.48,1196600.0
2013-02-08,39.24,1139800.0
2013-02-11,38.42,3266300.0
2013-02-12,37.89,2261300.0
2013-02-13,38.45,966800.0
2013-02-14,38.3,990700.0
2013-02-15,37.04,2017600.0
2013-02-19,39.28,2701400.0
2013-02-20,38.54,3122000.0
2013-02-21,35.16,9037800.0
2013-02-22,36.11,2547300.0
2013-02-25,34.38,2889400.0
2013-02-26,34.43,2762900.0
2013-02-27,35.1,1959200.0
2013-02-28,34.83,1964900.0
2013-03-01,34.65,1546600.0
2013-03-04,35.58,1757700.0
2013-03-05,36.65,2087000.0
2013-03-06,37.69,1150000.0
2013-03-07,38.23,1158300.0
2013-03-08,38.47,912100.0
2013-03-11,39.1,1579500.0
2013-03-12,39.12,1275100.0
2013-03-13,38.98,822000.0
2013-03-14,36.85,2021000.0
2013-03-15,35.29,3279600.0
2013-03-18,35.15,1316100.0
2013-03-19,35.08,1098500.0
2013-03-20,35.95,1423000.0
2013-03-21,36.01,1146300.0
2013-03-22,36.62,440200.0
2013-03-25,37.53,2378800.0
2013-03-26,37.86,1808200.0
2013-03-27,38.16,1296300.0
2013-03-28,37.89,1158700.0
2013-04-01,43.93,14098500.0
2013-04-02,44.34,6652400.0
2013-04-03,41.1,5643600.0
2013-04-04,42.01,2264800.0
2013-04-05,41.37,1552400.0
2013-04-08,41.83,1679000.0
2013-04-09,40.5,1696100.0
2013-04-10,41.86,2121100.0
2013-04-11,43.59,3447400.0
2013-04-12,43.75,3149400.0
2013-04-15,43.3,1681400.0
2013-04-16,45.59,3180400.0
2013-04-17,45.45,2118500.0
2013-04-18,46.97,3367900.0
2013-04-19,47.83,3011700.0
2013-04-22,50.19,3939400.0
2013-04-23,51.01,3733800.0
2013-04-24,50.43,2630000.0
2013-04-25,52.0,2795900.0
2013-04-26,51.2,3622100.0
2013-04-29,54.94,3639700.0
2013-04-30,53.99,5522600.0
2013-05-01,53.28,2742800.0
2013-05-02,54.11,3050400.0
2013-05-03,54.55,3378700.0
2013-05-06,59.5,4366700.0
2013-05-07,55.51,9991000.0
2013-05-08,55.7865,6769900.0
2013-05-09,69.4,28605000.0
2013-05-10,76.764,25082600.0
2013-05-13,87.8,22416900.0
2013-05-14,83.24,37163900.0
2013-05-15,84.842,16878700.0
2013-05-16,92.248,21614000.0
2013-05-17,91.5,19002200.0
2013-05-20,89.94,8348400.0
2013-05-21,87.59,8998200.0
2013-05-22,87.24,8568000.0
2013-05-23,92.73,12022200.0
2013-05-24,97.08,16124200.0
2013-05-28,110.334,19691900.0
2013-05-29,104.629,25099500.0
2013-05-30,104.95,16133700.0
2013-05-31,97.76,15172000.0
2013-06-03,92.59,19139600.0
2013-06-04,94.84,8856100.0
2013-06-05,95.37,12224800.0
2013-06-06,97.35,9510900.0
2013-06-07,102.04,10711600.0
2013-06-10,100.05,9228600.0
2013-06-11,94.47,7394000.0
2013-06-12,97.73,9192700.0
2013-06-13,98.18,5961600.0
2013-06-14,100.3,6564700.0
2013-06-17,102.2,7066200.0
2013-06-18,103.39,8795300.0
2013-06-19,104.68,8578900.0
2013-06-20,100.65,10106500.0
2013-06-21,99.55,11718600.0
2013-06-24,101.49,7119800.0
2013-06-25,102.4,5848700.0
2013-06-26,105.72,6602600.0
2013-06-27,109.25,8744900.0
2013-06-28,107.36,5748600.0
2013-07-01,117.179,10903600.0
2013-07-02,117.82,12064100.0
2013-07-03,115.24,4806700.0
2013-07-05,120.09,6818700.0
2013-07-08,121.61,7814200.0
2013-07-09,123.45,8603300.0
2013-07-10,122.27,5600100.0
2013-07-11,125.61,7483600.0
2013-07-12,129.9,11344000.0
2013-07-15,127.26,9922400.0
2013-07-16,109.05,32371900.0
2013-07-17,120.25,26029000.0
2013-07-18,119.03,11398100.0
2013-07-19,119.68,5890300.0
2013-07-22,122.43,9797800.0
2013-07-23,122.74,7736400.0
2013-07-24,121.7,6869000.0
2013-07-25,124.07,5284300.0
2013-07-26,129.39,9633100.0
2013-07-29,134.62,9678900.0
2013-07-30,131.74,13127000.0
2013-07-31,134.28,6351700.0
2013-08-01,135.55,5323600.0
2013-08-02,138.0,6269900.0
2013-08-05,144.68,10200700.0
2013-08-06,142.15,9254500.0
2013-08-07,134.23,18212200.0
2013-08-08,153.48,27246800.0
2013-08-09,153.0,8927700.0
2013-08-12,147.38,14912200.0
2013-08-13,145.43,8748900.0
2013-08-14,139.36,11693800.0
2013-08-15,139.67,10179200.0
2013-08-16,142.0,7108100.0
2013-08-19,144.9,8037700.0
2013-08-20,149.58,6418200.0
2013-08-21,147.86,6266300.0
2013-08-22,157.1,10592400.0
2013-08-23,161.839,12931900.0
2013-08-26,164.22,24171100.0
2013-08-27,167.01,17566900.0
2013-08-28,166.45,14740100.0
2013-08-29,166.06,9436000.0
2013-08-30,169.0,11028400.0
2013-09-03,168.94,12061100.0
2013-09-04,170.622,11475700.0
2013-09-05,169.93,6685300.0
2013-09-06,166.97,8619700.0
2013-09-09,160.7,14344500.0
2013-09-10,166.37,8967800.0
2013-09-11,163.52,5832500.0
2013-09-12,164.93,6160000.0
2013-09-13,165.54,5401200.0
2013-09-16,166.58,7574900.0
2013-09-17,166.23,5496900.0
2013-09-18,166.218,5439700.0
2013-09-19,177.92,15594600.0
2013-09-20,183.39,13401700.0
2013-09-23,181.11,8173400.0
2013-09-24,182.33,6273400.0
2013-09-25,185.238,8252700.0
2013-09-26,188.64,6614400.0
2013-09-27,190.9,5916400.0
2013-09-30,193.37,8924700.0
2013-10-01,193.0,7755900.0
2013-10-02,180.95,20775400.0
2013-10-03,173.31,23816500.0
2013-10-04,180.98,14414000.0
2013-10-07,183.07,11485600.0
2013-10-08,174.73,13757200.0
2013-10-09,168.78,15316500.0
2013-10-10,172.93,8883900.0
2013-10-11,178.7,8311100.0
2013-10-14,179.72,7769600.0
2013-10-15,183.94,10978500.0
2013-10-16,183.56,8205400.0
2013-10-17,182.802,6705000.0
2013-10-18,183.4,5930800.0
2013-10-21,172.6,11532100.0
2013-10-22,171.54,11386700.0
2013-10-23,164.5,13320400.0
2013-10-24,173.15,10825700.0
2013-10-25,169.66,7595500.0
2013-10-28,162.86,7841700.0
2013-10-29,164.47,14111700.0
2013-10-30,159.22,8401800.0
2013-10-31,159.94,9333800.0
2013-11-01,162.17,7180600.0
2013-11-04,175.2,13120400.0
2013-11-05,176.81,22467100.0
2013-11-06,151.16,31071700.0
2013-11-07,139.772,22284700.0
2013-11-08,137.95,22477900.0
2013-11-11,144.698,13997600.0
2013-11-12,137.8,14985200.0
2013-11-13,138.7,12658300.0
2013-11-14,137.6,12203700.0
2013-11-15,135.45,9900200.0
2013-11-18,121.58,23138200.0
2013-11-19,126.09,19816200.0
2013-11-20,121.11,13849600.0
2013-11-21,122.1,11903800.0
2013-11-22,121.38,11096700.0
2013-11-25,120.84,10267300.0
2013-11-26,120.5,13885500.0
2013-11-27,126.94,12367600.0
2013-11-29,127.28,9716200.0
2013-12-02,124.17,7751200.0
2013-12-03,144.7,25682400.0
2013-12-04,138.95,13147700.0
2013-12-05,140.48,9288400.0
2013-12-06,137.36,7909600.0
2013-12-09,141.6,9061500.0
2013-12-10,142.19,10748200.0
2013-12-11,139.65,7137800.0
2013-12-12,147.47,10767800.0
2013-12-13,147.654,10591900.0
2013-12-16,147.94,6675300.0
2013-12-17,152.46,10495000.0
2013-12-18,147.98,11581900.0
2013-12-19,140.72,12740000.0
2013-12-20,143.24,7412600.0
2013-12-23,143.55,5385500.0
2013-12-24,151.41,9941500.0
2013-12-26,155.5,7129500.0
2013-12-27,151.12,5460200.0
2013-12-30,152.44,4467500.0
2013-12-31,150.429,4262400.0
2014-01-02,150.1,6188400.0
2014-01-03,149.56,4695000.0
2014-01-06,147.0,5361100.0
2014-01-07,149.36,5034100.0
2014-01-08,151.28,6163200.0
2014-01-09,147.53,5382000.0
2014-01-10,145.7199,7446100.0
2014-01-13,139.34,6316100.0
2014-01-14,161.27,27607000.0
2014-01-15,164.13,20465600.0
2014-01-16,170.97,11959400.0
2014-01-17,170.01,9206200.0
2014-01-21,176.68,9734700.0
2014-01-22,178.56,7022600.0
2014-01-23,181.5,7867400.0
2014-01-24,174.6,7664300.0
2014-01-27,169.62,8716400.0
2014-01-28,178.38,6093400.0
2014-01-29,175.23,5935500.0
2014-01-30,182.84,8565000.0
2014-01-31,181.41,6508800.0
2014-02-03,177.11,6764900.0
2014-02-04,178.73,4686300.0
2014-02-05,174.42,7268000.0
2014-02-06,178.38,5841600.0
2014-02-07,186.53,8928500.0
2014-02-10,196.56,12970700.0
2014-02-11,196.62,10709900.0
2014-02-12,195.32,5173700.0
2014-02-13,199.63,8029300.0
2014-02-14,198.23,6158000.0
2014-02-18,203.7,9332800.0
2014-02-19,193.64,16169000.0
2014-02-20,209.97,18002300.0
2014-02-21,209.6,7818800.0
2014-02-24,217.65,8278400.0
2014-02-25,248.0,32681700.0
2014-02-26,253.0,24604600.0
2014-02-27,252.54,17945800.0
2014-02-28,244.81,14589800.0
2014-03-03,250.56,13089300.0
2014-03-04,254.84,8745600.0
2014-03-05,252.66,5935700.0
2014-03-06,252.94,7361100.0
2014-03-07,246.21,7812300.0
2014-03-10,238.84,7728100.0
2014-03-11,234.41,8810100.0
2014-03-12,241.49,9754400.0
2014-03-13,237.79,6236300.0
2014-03-14,230.97,8289700.0
2014-03-17,233.98,5912600.0
2014-03-18,240.04,6242300.0
2014-03-19,235.84,5071300.0
2014-03-20,234.91,3817900.0
2014-03-21,228.89,8216900.0
2014-03-24,220.17,11328800.0
2014-03-25,220.44,7865400.0
2014-03-26,212.96,6907300.0
2014-03-27,207.32,9495700.0
2014-03-28,212.37,9684800.0
2014-03-31,208.45,8380000.0
2014-04-01,216.97,7371400.0
2014-04-02,230.29,10782300.0
2014-04-03,225.4,10923700.0
2014-04-04,212.225,11345600.0
2014-04-07,207.52,9855500.0
2014-04-08,215.46,6889300.0
2014-04-09,216.93,5157900.0
2014-04-10,204.19,7211500.0
2014-04-11,203.78,9067200.0
2014-04-14,198.09,7703000.0
2014-04-15,193.91,13659300.0
2014-04-16,199.11,7202200.0
2014-04-17,198.12,5926800.0
2014-04-21,204.38,5258200.0
2014-04-22,218.64,9804700.0
2014-04-23,207.99,7295600.0
2014-04-24,207.86,5495200.0
2014-04-25,199.85,6996700.0
2014-04-28,198.51,7042000.0
2014-04-29,206.92,5779100.0
2014-04-30,207.89,4440600.0
2014-05-01,207.73,5439900.0
2014-05-02,210.91,4086800.0
2014-05-05,216.61,5147000.0
2014-05-06,207.28,5636700.0
2014-05-07,201.35,10179300.0
2014-05-08,178.59,20056600.0
2014-05-09,182.26,8495200.0
2014-05-12,184.67,7002300.0
2014-05-13,190.16,7097200.0
2014-05-14,190.62,5406700.0
2014-05-15,188.59,6040400.0
2014-05-16,191.56,4487700.0
2014-05-19,196.09,4571700.0
2014-05-20,195.3,5546100.0
2014-05-21,199.45,5285400.0
2014-05-22,204.88,6214500.0
2014-05-23,207.3,4006800.0
2014-05-27,211.56,5341100.0
2014-05-28,210.24,5495100.0
2014-05-29,210.24,3692500.0
2014-05-30,207.77,5581100.0
2014-06-02,204.7,4655100.0
2014-06-03,204.94,3860800.0
2014-06-04,203.99,3427400.0
2014-06-05,206.9,4054600.0
2014-06-06,208.171,3073800.0
2014-06-09,205.31,2805700.0
2014-06-10,202.3,3514700.0
2014-06-11,204.47,3977500.0
2014-06-12,203.52,5993700.0
2014-06-13,206.42,3544300.0
2014-06-16,224.61,13193100.0
2014-06-17,231.67,13246700.0
2014-06-18,227.12,6940200.0
2014-06-19,227.79,8793100.0
2014-06-20,229.59,4903900.0
2014-06-23,237.22,7791100.0
2014-06-24,232.5,8075900.0
2014-06-25,236.891,5801600.0
2014-06-26,235.6,5121400.0
2014-06-27,239.06,5635000.0
2014-06-30,240.06,4828600.0
2014-07-01,239.72,4336100.0
2014-07-02,229.425,8027400.0
2014-07-03,229.25,5166700.0
2014-07-07,222.66,5893700.0
2014-07-08,219.07,7836200.0
2014-07-09,223.06,4115400.0
2014-07-10,219.46,4863900.0
2014-07-11,218.13,3302300.0
2014-07-14,226.7,7203200.0
2014-07-15,219.58,5718500.0
2014-07-16,217.16,4044500.0
2014-07-17,215.4,4649400.0
2014-07-18,220.0201,4253700.0
2014-07-21,220.54,3822200.0
2014-07-22,219.58,2730000.0
2014-07-23,222.49,3083300.0
2014-07-24,223.54,3245500.0
2014-07-25,223.57,3087100.0
2014-07-28,224.82,6514300.0
2014-07-29,225.01,3382400.0
2014-07-30,228.92,4917600.0
2014-07-31,223.3,7678300.0
2014-08-01,233.27,11895800.0
2014-08-04,238.52,5959700.0
2014-08-05,238.49,5371300.0
2014-08-06,248.9301,9235500.0
2014-08-07,252.39,7464700.0
2014-08-08,248.13,5090100.0
2014-08-11,259.32,8072500.0
2014-08-12,259.96,6382300.0
2014-08-13,260.31,6919000.0
2014-08-14,261.38,4122800.0
2014-08-15,262.01,3857500.0
2014-08-18,259.94,5836800.0
2014-08-19,256.76,5334800.0
2014-08-20,255.71,3015500.0
2014-08-21,254.34,2915600.0
2014-08-22,256.78,2833400.0
2014-08-25,262.55,4308000.0
2014-08-26,261.74,3818000.0
2014-08-27,263.25,2985100.0
2014-08-28,263.86,2844900.0
2014-08-29,269.7,6447100.0
2014-09-02,284.12,9804100.0
2014-09-03,281.19,6772300.0
2014-09-04,286.04,8315700.0
2014-09-05,277.39,11169900.0
2014-09-08,282.11,5501600.0
2014-09-09,278.48,4558800.0
2014-09-10,281.1,3781300.0
2014-09-11,280.31,3766100.0
2014-09-12,279.2,3324600.0
2014-09-15,253.86,16455400.0
2014-09-16,260.74,8300100.0
2014-09-17,261.38,5177700.0
2014-09-18,263.82,3692600.0
2014-09-19,259.32,6810900.0
2014-09-22,250.03,8214100.0
2014-09-23,250.41,5658700.0
2014-09-24,252.14,3739005.0
2014-09-25,246.95,4828483.0
2014-09-26,246.6,3798841.0
2014-09-29,245.26,4854687.0
2014-09-30,242.68,4248127.0
2014-10-01,240.24,5946510.0
2014-10-02,251.42,9002001.0
2014-10-03,255.21,5408665.0
2014-10-06,260.62,7719055.0
2014-10-07,259.57,4491569.0
2014-10-08,259.28,5062615.0
2014-10-09,257.01,7361316.0
2014-10-10,236.91,12898275.0
2014-10-13,224.59,11276552.0
2014-10-14,227.06,7112339.0
2014-10-15,229.7,9151648.0
2014-10-16,226.35,5404565.0
2014-10-17,227.48,10551850.0
2014-10-20,230.47,3499686.0
2014-10-21,235.34,4130345.0
2014-10-22,231.1,4123397.0
2014-10-23,235.29,3499882.0
2014-10-24,235.24,3466927.0
2014-10-27,221.67,9553348.0
2014-10-28,242.77,10516297.0
2014-10-29,238.1,4967640.0
2014-10-30,238.66,3228371.0
2014-10-31,241.7,3775327.0
2014-11-03,242.59,4207268.0
2014-11-04,238.93,3682572.0
2014-11-05,230.97,9045925.0
2014-11-06,241.22,15354717.0
2014-11-07,240.2,5161023.0
2014-11-10,241.93,4577208.0
2014-11-11,251.08,7952565.0
2014-11-12,249.1,5870818.0
2014-11-13,251.7,6236036.0
2014-11-14,258.68,6101145.0
2014-11-17,253.98,4025695.0
2014-11-18,257.7,4474294.0
2014-11-19,247.74,7918486.0
2014-11-20,248.71,3587220.0
2014-11-21,242.78,7485059.0
2014-11-24,246.72,4789708.0
2014-11-25,248.09,3159804.0
2014-11-26,248.44,1981819.0
2014-11-28,244.52,2119688.0
2014-12-01,231.64,8619351.0
2014-12-02,231.43,5887046.0
2014-12-03,229.3,5307733.0
2014-12-04,228.28,3879208.0
2014-12-05,223.71,6063619.0
2014-12-08,214.36,9225619.0
2014-12-09,216.89,9431502.0
2014-12-10,209.84,7314139.0
2014-12-11,208.88,6694398.0
2014-12-12,207.0,7173782.0
2014-12-15,204.04,5218252.0
2014-12-16,197.81,8426105.0
2014-12-17,205.82,7367834.0
2014-12-18,218.26,7483349.0
2014-12-19,219.29,6910461.0
2014-12-22,222.6,4806917.0
2014-12-23,220.97,4513321.0
2014-12-24,222.26,1333518.0
2014-12-26,227.82,3327016.0
2014-12-29,225.71,2811828.0
2014-12-30,222.23,2903242.0
2014-12-31,222.41,2402097.0
2015-01-02,219.31,4764443.0
2015-01-05,210.09,5368477.0
2015-01-06,211.28,6261936.0
2015-01-07,210.95,2968390.0
2015-01-08,210.615,3442509.0
2015-01-09,206.66,4580722.0
2015-01-12,202.21,5950280.0
2015-01-13,204.25,4477320.0
2015-01-14,192.69,11551855.0
2015-01-15,191.87,5216524.0
2015-01-16,193.07,3603158.0
2015-01-20,191.93,4503182.0
2015-01-21,196.57,4153043.0
2015-01-22,201.62,4116905.0
2015-01-23,201.29,3442371.0
2015-01-26,206.55,3234522.0
2015-01-27,205.98,2781024.0
2015-01-28,199.37,3149606.0
2015-01-29,205.2,3548106.0
2015-01-30,203.6,3006959.0
2015-02-02,210.94,4149186.0
2015-02-03,218.36,4826244.0
2015-02-04,218.55,3305377.0
2015-02-05,220.99,3522947.0
2015-02-06,217.36,3243931.0
2015-02-09,217.48,3472423.0
2015-02-10,216.29,5390542.0
2015-02-11,212.8,9769102.0
2015-02-12,202.88,15649607.0
2015-02-13,203.77,6191003.0
2015-02-17,204.35,3979647.0
2015-02-18,204.46,2713598.0
2015-02-19,211.705,5154148.0
2015-02-20,217.11,5982089.0
2015-02-23,207.335,8499775.0
2015-02-24,204.11,6603560.0
2015-02-25,203.76,3909520.0
2015-02-26,207.19,6472855.0
2015-02-27,203.34,3882084.0
2015-03-02,197.325,7922065.0
2015-03-03,199.56,4432329.0
2015-03-04,202.435,4221962.0
2015-03-05,200.63,4877015.0
2015-03-06,193.88,6712438.0
2015-03-09,190.88,6736724.0
2015-03-10,190.32,5579691.0
2015-03-11,193.74,4974871.0
2015-03-12,191.07,4149294.0
2015-03-13,188.68,5434298.0
2015-03-16,195.7,5628783.0
2015-03-17,194.73,4894052.0
2015-03-18,200.71,4820936.0
2015-03-19,195.65,8475244.0
2015-03-20,198.08,4269467.0
2015-03-23,199.63,2631626.0
2015-03-24,201.72,3649860.0
2015-03-25,194.3,5730389.0
2015-03-26,190.405,4127956.0
2015-03-27,185.0,8604947.0
2015-03-30,190.57,10089516.0
2015-03-31,188.77,5026569.0
2015-04-01,187.59,3794621.0
2015-04-02,191.0,5010368.0
2015-04-06,203.1,12455811.0
2015-04-07,203.25,4347864.0
2015-04-08,207.67,6303117.0
2015-04-09,210.09,3800225.0
2015-04-10,210.9,4067676.0
2015-04-13,209.78,3758230.0
2015-04-14,207.46,3025963.0
2015-04-15,207.83,1952378.0
2015-04-16,206.7,1659059.0
2015-04-17,206.79,2469926.0
2015-04-20,205.27,2559251.0
2015-04-21,209.41,3432541.0
2015-04-22,219.44,7863037.0
2015-04-23,218.6,4411184.0
2015-04-24,218.425,2427843.0
2015-04-27,231.55,11672627.0
2015-04-28,230.48,6085379.0
2015-04-29,232.45,3936077.0
2015-04-30,226.05,3911857.0
2015-05-01,226.03,5281689.0
2015-05-04,230.51,4434596.0
2015-05-05,232.95,5796873.0
2015-05-06,230.43,5270933.0
2015-05-07,236.8,9455909.0
2015-05-08,236.61,4668236.0
2015-05-11,239.49,5672262.0
2015-05-12,244.74,6363429.0
2015-05-13,243.18,5440165.0
2015-05-14,244.1,2895936.0
2015-05-15,248.84,4527563.0
2015-05-18,248.75,3353212.0
2015-05-19,247.14,3674231.0
2015-05-20,244.35,3755569.0
2015-05-21,245.62,1970643.0
2015-05-22,247.73,2223089.0
2015-05-26,247.455,3498682.0
2015-05-27,247.43,3408200.0
2015-05-28,251.45,3647283.0
2015-05-29,250.8,3789283.0
2015-06-01,249.45,2505057.0
2015-06-02,248.35,2134809.0
2015-06-03,248.99,1781505.0
2015-06-04,245.92,2453615.0
2015-06-05,249.14,3022026.0
2015-06-08,256.29,5016997.0
2015-06-09,256.0,2611146.0
2015-06-10,250.7,3454453.0
2015-06-11,251.41,2044058.0
2015-06-12,250.69,1422335.0
2015-06-15,250.38,2186175.0
2015-06-16,253.12,1984678.0
2015-06-17,260.41,5512920.0
2015-06-18,261.89,2782703.0
2015-06-19,262.51,2463013.0
2015-06-22,259.79,4561079.0
2015-06-23,267.67,3870818.0
2015-06-24,265.17,2412293.0
2015-06-25,268.79,2849204.0
2015-06-26,267.09,3838434.0
2015-06-29,262.02,3478909.0
2015-06-30,268.26,3086935.0
2015-07-01,269.15,2101224.0
2015-07-02,280.02,7163930.0
2015-07-06,279.72,4121933.0
2015-07-07,267.88,6105126.0
2015-07-08,254.96,6221077.0
2015-07-09,257.92,3334077.0
2015-07-10,259.15,2610858.0
2015-07-13,262.16,2960319.0
2015-07-14,265.65,1907641.0
2015-07-15,263.14,2021621.0
2015-07-16,266.68,1615961.0
2015-07-17,274.66,5004099.0
2015-07-20,282.26,4978454.0
2015-07-21,266.77,6108686.0
2015-07-22,267.87,3104960.0
2015-07-23,267.2,2227239.0
2015-07-24,265.41,2836498.0
2015-07-27,253.01,4694192.0
2015-07-28,264.82,3895808.0
2015-07-29,263.82,2790095.0
2015-07-30,266.79,2034560.0
2015-07-31,266.15,2222552.0
2015-08-03,259.99,2553474.0
2015-08-04,266.28,2352530.0
2015-08-05,270.13,4798058.0
2015-08-06,246.13,14623754.0
2015-08-07,242.51,5073390.0
2015-08-10,241.14,4185860.0
2015-08-11,237.37,4264939.0
2015-08-12,238.17,3739157.0
2015-08-13,242.51,4689182.0
2015-08-14,243.15,4364810.0
2015-08-17,254.99,7176690.0
2015-08-18,260.72,4195035.0
2015-08-19,255.25,3604282.0
2015-08-20,242.18,4905757.0
2015-08-21,230.77,6590234.0
2015-08-24,218.87,9581585.0
2015-08-25,220.03,4327294.0
2015-08-26,224.84,4963042.0
2015-08-27,242.99,7655959.0
2015-08-28,248.48,5513673.0
2015-08-31,249.06,4700232.0
2015-09-01,238.63,5454765.0
2015-09-02,247.69,4629174.0
2015-09-03,245.57,4194772.0
2015-09-04,241.93,3689153.0
2015-09-08,248.17,3138231.0
2015-09-09,248.91,3390788.0
2015-09-10,248.48,2709024.0
2015-09-11,250.24,2350844.0
2015-09-14,253.19,2890851.0
2015-09-15,253.57,2933466.0
2015-09-16,262.25,4417081.0
2015-09-17,262.07,3585812.0
2015-09-18,260.62,3763064.0
2015-09-21,264.2,6120155.0
2015-09-22,260.94,3664353.0
2015-09-23,261.06,2600778.0
2015-09-24,263.12,3448191.0
2015-09-25,256.91,3773392.0
2015-09-28,248.43,4881802.0
2015-09-29,246.65,3703154.0
2015-09-30,248.4,4879816.0
2015-10-01,239.88,4572964.0
2015-10-02,247.57,4423982.0
2015-10-05,246.15,3689865.0
2015-10-06,241.46,5235897.0
2015-10-07,231.96,6813959.0
2015-10-08,226.72,6133216.0
2015-10-09,220.69,6158370.0
2015-10-12,215.58,3836303.0
2015-10-13,219.25,5171535.0
2015-10-14,216.88,3104446.0
2015-10-15,221.31,2844233.0
2015-10-16,227.01,4334493.0
2015-10-19,228.1,2507895.0
2015-10-20,213.03,14900047.0
2015-10-21,210.09,4183471.0
2015-10-22,211.72,2825159.0
2015-10-23,209.09,4235462.0
2015-10-26,215.26,3391438.0
2015-10-27,210.35,3519449.0
2015-10-28,212.96,2728593.0
2015-10-29,211.63,1805032.0
2015-10-30,206.93,4438901.0
2015-11-02,213.79,3927944.0
2015-11-03,208.35,8332486.0
2015-11-04,231.63,12726366.0
2015-11-05,231.77,4496843.0
2015-11-06,232.36,2445293.0
2015-11-09,225.33,3850860.0
2015-11-10,216.5,4617007.0
2015-11-11,219.08,3347806.0
2015-11-12,212.94,2915900.0
2015-11-13,207.19,3430327.0
2015-11-16,214.31,2925395.0
2015-11-17,214.0,2148326.0
2015-11-18,221.07,2811900.0
2015-11-19,221.8,2504375.0
2015-11-20,220.01,4400722.0
2015-11-23,217.75,2526199.0
2015-11-24,218.25,2480293.0
2015-11-25,229.64,3990779.0
2015-11-27,231.61,1949353.0
2015-11-30,230.26,2659813.0
2015-12-01,237.19,3733955.0
2015-12-02,231.99,2981468.0
2015-12-03,232.71,2939564.0
2015-12-04,230.38,2573603.0
2015-12-07,231.13,3144223.0
2015-12-08,226.72,2687636.0
2015-12-09,224.52,3057753.0
2015-12-10,227.07,2071692.0
2015-12-11,217.02,3268726.0
2015-12-14,218.58,2831518.0
2015-12-15,221.09,2244424.0
2015-12-16,234.51,5104341.0
2015-12-17,233.39,3298638.0
2015-12-18,230.46,3014170.0
2015-12-21,232.56,1953174.0
2015-12-22,229.95,1961495.0
2015-12-23,229.7,1554979.0
2015-12-24,230.57,710277.0
2015-12-28,228.95,1901304.0
2015-12-29,237.19,2406290.0
2015-12-30,238.09,3697921.0
2015-12-31,240.01,2715038.0
2016-01-04,223.41,6827146.0
2016-01-05,223.43,3186752.0
2016-01-06,219.04,3779128.0
2016-01-07,215.65,3554251.0
2016-01-08,211.0,3628058.0
2016-01-11,207.85,4091422.0
2016-01-12,209.97,3091917.0
2016-01-13,200.31,4126416.0
2016-01-14,206.18,6490741.0
2016-01-15,204.99,5578640.0
2016-01-19,204.72,4038676.0
2016-01-20,198.7,5838608.0
2016-01-21,199.97,3166159.0
2016-01-22,202.55,3124055.0
2016-01-25,196.38,2698739.0
2016-01-26,193.56,4964180.0
2016-01-27,188.07,3617221.0
2016-01-28,189.7,4592754.0
2016-01-29,191.2,2852289.0
2016-02-01,196.94,5297639.0
2016-02-02,182.78,5773637.0
2016-02-03,173.48,7931362.0
2016-02-04,175.33,4385366.0
2016-02-05,162.6,9437591.0
2016-02-08,147.99,9312988.0
2016-02-09,148.25,8651648.0
2016-02-10,143.67,10406513.0
2016-02-11,150.47,14252364.0
2016-02-12,151.04,7235783.0
2016-02-16,155.17,5593794.0
2016-02-17,168.68,5825159.0
2016-02-18,166.77,3887574.0
2016-02-19,166.58,2959390.0
2016-02-22,177.74,5060051.0
2016-02-23,177.21,5984374.0
2016-02-24,179.0,5395609.0
2016-02-25,187.43,5750741.0
2016-02-26,190.34,6065117.0
2016-02-29,191.93,4498997.0
2016-03-01,186.35,6712159.0
2016-03-02,188.34,4862396.0
2016-03-03,195.74,4829018.0
2016-03-04,201.04,6489058.0
2016-03-07,205.29,5337072.0
2016-03-08,202.6,3978722.0
2016-03-09,208.72,3208554.0
2016-03-10,205.18,5192523.0
2016-03-11,207.5,3343077.0
2016-03-14,215.15,4065706.0
2016-03-15,218.34,3180452.0
2016-03-16,221.93,3516703.0
2016-03-17,226.38,3782891.0
2016-03-18,232.74,4711793.0
2016-03-21,238.32,5307822.0
2016-03-22,234.24,4315988.0
2016-03-23,222.58,4948841.0
2016-03-24,227.75,4960900.0
2016-03-28,230.26,3925685.0
2016-03-29,230.13,4014330.0
2016-03-30,226.89,4032982.0
2016-03-31,229.77,8012872.0
2016-04-01,237.59,15997509.0
2016-04-04,246.99,13475327.0
2016-04-05,255.47,9948699.0
2016-04-06,265.42,11705479.0
2016-04-07,257.2,8856171.0
2016-04-08,250.07,7363935.0
2016-04-11,249.92,9161693.0
2016-04-12,247.82,5763208.0
2016-04-13,254.53,4925595.0
2016-04-14,251.86,4132185.0
2016-04-15,254.51,3752366.0
2016-04-18,253.88,4271362.0
2016-04-19,247.37,6357526.0
2016-04-20,249.97,5194051.0
2016-04-21,248.29,2783059.0
2016-04-22,253.75,3786327.0
2016-04-25,251.82,3670348.0
2016-04-26,253.74,3223839.0
2016-04-27,251.47,3205808.0
2016-04-28,247.71,2518990.0
2016-04-29,240.76,5413787.0
2016-05-02,241.8,3843935.0
2016-05-03,232.32,4302222.0
2016-05-04,222.56,8700459.0
2016-05-05,211.53,11254827.0
2016-05-06,214.93,5685237.0
2016-05-09,208.92,4776383.0
2016-05-10,208.69,4070617.0
2016-05-11,208.96,5161864.0
2016-05-12,207.28,3650475.0
2016-05-13,207.61,2822781.0
2016-05-16,208.29,2949396.0
2016-05-17,204.66,2843597.0
2016-05-18,211.17,5617519.0
2016-05-19,215.21,6866321.0
2016-05-20,220.28,9007076.0
2016-05-23,216.22,5102479.0
2016-05-24,217.91,3013843.0
2016-05-25,219.58,3132615.0
2016-05-26,225.12,4072424.0
2016-05-27,223.04,3650272.0
2016-05-31,223.23,2789002.0
2016-06-01,219.56,2982695.0
2016-06-02,218.96,2032832.0
2016-06-03,218.99,2228970.0
2016-06-06,220.68,2249508.0
2016-06-07,232.34,6213573.0
2016-06-08,235.52,5971995.0
2016-06-09,229.36,4492075.0
2016-06-10,218.79,6026603.0
2016-06-13,217.87,4193022.0
2016-06-14,214.96,3580167.0
2016-06-15,217.7,2908522.0
2016-06-16,217.93,2440259.0
2016-06-17,215.47,3112620.0
2016-06-20,219.7,3555471.0
2016-06-21,219.61,4529005.0
2016-06-22,196.66,23742414.0
2016-06-23,196.4,10130748.0
2016-06-24,193.15,7026516.0
2016-06-27,198.55,7220323.0
2016-06-28,201.79,6212422.0
2016-06-29,210.19,5994908.0
2016-06-30,212.28,4843111.0
2016-07-01,216.5,5399951.0
2016-07-05,213.98,5175345.0
2016-07-06,214.44,4919855.0
2016-07-07,215.94,3612022.0
2016-07-08,216.78,4074785.0
2016-07-11,224.78,5429823.0
2016-07-12,224.65,4576165.0
2016-07-13,222.53,3567062.0
2016-07-14,221.53,2675834.0
2016-07-15,220.4,2234247.0
2016-07-18,226.25,3412055.0
2016-07-19,225.26,3115065.0
2016-07-20,228.36,2568498.0
2016-07-21,220.5,4428651.0
2016-07-22,222.27,2579692.0
2016-07-25,230.01,4490683.0
2016-07-26,229.51,3430042.0
2016-07-27,228.49,2889007.0
2016-07-28,230.61,2419059.0
2016-07-29,234.79,3070813.0
2016-08-01,230.01,4016284.0
2016-08-02,227.2,3934432.0
2016-08-03,225.79,3887759.0
2016-08-04,230.61,4146997.0
2016-08-05,230.03,3205215.0
2016-08-08,226.16,2263584.0
2016-08-09,229.08,2207833.0
2016-08-10,225.65,2338301.0
2016-08-11,224.91,1880936.0
2016-08-12,225.61,1813540.0
2016-08-15,225.59,2034328.0
2016-08-16,223.61,2267147.0
2016-08-17,223.24,1787127.0
2016-08-18,223.51,1714467.0
2016-08-19,225.0,1659530.0
2016-08-22,222.93,2065493.0
2016-08-23,224.84,4784418.0
2016-08-24,222.62,2570693.0
2016-08-25,220.96,1762519.0
2016-08-26,219.99,2238992.0
2016-08-29,215.2,3266334.0
2016-08-30,211.34,3168862.0
2016-08-31,212.01,3276548.0
2016-09-01,200.77,7943138.0
2016-09-02,197.78,5977413.0
2016-09-06,202.83,4390572.0
2016-09-07,201.71,3640923.0
2016-09-08,197.36,3377946.0
2016-09-09,194.47,3756992.0
2016-09-12,198.3,3715161.0
2016-09-13,196.05,3589379.0
2016-09-14,196.41,2259231.0
2016-09-15,200.42,3085115.0
2016-09-16,205.4,3107808.0
2016-09-19,206.34,2299498.0
2016-09-20,204.64,2410488.0
2016-09-21,205.22,2633503.0
2016-09-22,206.43,2382902.0
2016-09-23,207.45,2905229.0
2016-09-26,208.99,2394358.0
2016-09-27,205.81,3373180.0
2016-09-28,206.27,2088374.0
2016-09-29,200.7,2727029.0
2016-09-30,204.03,2586273.0
2016-10-03,213.7,5999892.0
2016-10-04,211.41,3541481.0
2016-10-05,208.46,1877534.0
2016-10-06,201.0,4703402.0
2016-10-07,196.61,3493018.0
2016-10-10,200.95,3316297.0
2016-10-11,200.1,2328422.0
2016-10-12,201.51,1970689.0
2016-10-13,200.24,2495413.0
2016-10-14,196.51,4269850.0
2016-10-17,193.96,4554080.0
2016-10-18,199.1,5680475.0
2016-10-19,203.56,6991183.0
2016-10-20,199.1,5072877.0
2016-10-21,200.09,2943402.0
2016-10-24,202.76,2751562.0
2016-10-25,202.34,2445014.0
2016-10-26,202.24,5632841.0
2016-10-27,204.01,13093744.0
2016-10-28,199.97,4280141.0
2016-10-31,197.73,4692273.0
2016-11-01,190.79,7060036.0
2016-11-02,188.02,4253382.0
2016-11-03,187.42,2653023.0
2016-11-04,190.56,5146043.0
2016-11-07,193.21,3870112.0
2016-11-08,194.94,3267580.0
2016-11-09,190.06,8173065.0
2016-11-10,185.35,6750341.0
2016-11-11,188.56,3988504.0
2016-11-14,181.45,6552205.0
2016-11-15,183.77,3902018.0
2016-11-16,183.93,3434437.0
2016-11-17,188.66,4887067.0
2016-11-18,185.02,5210347.0
2016-11-21,184.52,4361043.0
2016-11-22,191.17,5603361.0
2016-11-23,193.14,4891893.0
2016-11-25,196.65,2366098.0
2016-11-28,196.12,4529182.0
2016-11-29,189.57,4439256.0
2016-11-30,189.4,3547104.0
2016-12-01,181.88,5126401.0
2016-12-02,181.47,4042324.0
2016-12-05,186.8,4072239.0
2016-12-06,185.85,3391622.0
2016-12-07,193.15,5461851.0
2016-12-08,192.29,3194148.0
2016-12-09,192.18,2722505.0
2016-12-12,192.43,2438876.0
2016-12-13,198.15,6823884.0
2016-12-14,198.69,4150927.0
2016-12-15,197.58,3219567.0
2016-12-16,202.49,3796889.0
2016-12-19,202.73,3488071.0
2016-12-20,208.79,4689071.0
2016-12-21,207.7,5207622.0
2016-12-22,208.45,3111108.0
2016-12-23,213.34,4670464.0
2016-12-27,219.53,5915732.0
2016-12-28,219.74,3782456.0
2016-12-29,214.68,4044968.0
2016-12-30,213.69,4642620.0
2017-01-03,216.99,5923254.0
2017-01-04,226.99,11213471.0
2017-01-05,226.75,5911695.0
2017-01-06,229.01,5527893.0
2017-01-09,231.28,3979484.0
2017-01-10,229.87,3659955.0
2017-01-11,229.73,3650825.0
2017-01-12,229.59,3790229.0
2017-01-13,237.75,6092960.0
2017-01-17,235.58,4617522.0
2017-01-18,238.36,3768967.0
2017-01-19,243.76,7732303.0
2017-01-20,244.73,4204275.0
2017-01-23,248.92,6262938.0
2017-01-24,254.61,4965451.0
2017-01-25,254.47,5146361.0
2017-01-26,252.51,3152123.0
2017-01-27,252.95,3166336.0
2017-01-30,250.63,3801074.0
2017-01-31,251.93,4116104.0
2017-02-01,249.24,3958829.0
2017-02-02,251.55,2499775.0
2017-02-03,251.33,2186723.0
2017-02-06,257.77,3562517.0
2017-02-07,257.48,4244775.0
2017-02-08,262.08,3933014.0
2017-02-09,269.2,7820222.0
2017-02-10,269.23,3619739.0
2017-02-13,280.6,7029605.0
2017-02-14,280.98,7345224.0
2017-02-15,279.76,4947856.0
2017-02-16,268.95,7077322.0
2017-02-17,272.23,6257149.0
2017-02-21,277.39,5676747.0
2017-02-22,273.51,8754975.0
2017-02-23,255.99,14915249.0
2017-02-24,257.0,8171626.0
2017-02-27,246.23,11460810.0
2017-02-28,249.99,6078145.0
2017-03-01,250.02,4809488.0
2017-03-02,250.48,3351833.0
2017-03-03,251.57,2929234.0
2017-03-06,251.21,3355500.0
2017-03-07,248.59,3459470.0
2017-03-08,246.87,3728649.0
2017-03-09,244.9,3879293.0
2017-03-10,243.69,3066272.0
2017-03-13,246.17,3022625.0
2017-03-14,258.0,7598446.0
2017-03-15,255.73,5330806.0
2017-03-16,262.05,7132153.0
2017-03-17,261.5,6497496.0
2017-03-20,261.92,3614294.0
2017-03-21,250.68,6908554.0
2017-03-22,255.01,4059297.0
2017-03-23,254.78,3320245.0
2017-03-24,263.16,5647253.0
2017-03-27,270.22,6230795.0
2017-03-28,277.45,7987604.0
2017-03-29,277.38,3676157.0
2017-03-30,277.92,4148426.0
2017-03-31,278.3,3294640.0
2017-04-03,298.52,13888618.0
2017-04-04,303.7,10134556.0
2017-04-05,295.0,7880938.0
2017-04-06,298.7,5520588.0
2017-04-07,302.54,4562929.0
2017-04-10,312.39,7664458.0
2017-04-11,308.71,5724577.0
2017-04-12,296.84,6050682.0
2017-04-13,304.0,9284634.0
2017-04-17,301.44,4138736.0
2017-04-18,300.25,3035698.0
2017-04-19,305.52,3898024.0
2017-04-20,302.51,6149352.0
2017-04-21,305.6,4509756.0
2017-04-24,308.03,5077561.0
2017-04-25,313.79,6666406.0
2017-04-26,310.17,4184186.0
2017-04-27,308.63,3430245.0
2017-04-28,314.07,4447619.0
2017-05-01,322.83,8480546.0
2017-05-02,318.89,5242868.0
2017-05-03,311.02,6278906.0
2017-05-04,295.46,14039582.0
2017-05-05,308.35,8084153.0
2017-05-08,307.19,6981229.0
2017-05-09,321.26,9596356.0
2017-05-10,325.22,5681214.0
2017-05-11,323.1,4693235.0
2017-05-12,324.81,4114166.0
2017-05-15,315.88,7568594.0
2017-05-16,317.01,4121619.0
2017-05-17,306.11,6675795.0
2017-05-18,313.06,5590416.0
2017-05-19,310.83,4639506.0
2017-05-22,310.35,4279615.0
2017-05-23,303.86,4304658.0
2017-05-24,310.22,5016931.0
2017-05-25,316.83,4819412.0
2017-05-26,325.14,7705715.0
2017-05-30,335.1,7663064.0
2017-05-31,341.01,9863176.0
2017-06-01,340.37,7580447.0
2017-06-02,339.85,5570256.0
2017-06-05,347.32,6737855.0
2017-06-06,352.85,10951473.0
2017-06-07,359.65,9287888.0
2017-06-08,370.0,8975028.0
2017-06-09,357.32,17160231.0
2017-06-12,359.01,10476833.0
2017-06-13,375.95,11693404.0
2017-06-14,380.66,12731997.0
2017-06-15,375.34,10371559.0
2017-06-16,371.4,6259666.0
2017-06-19,369.8,6392331.0
2017-06-20,372.24,7396357.0
2017-06-21,376.4,4900356.0
2017-06-22,382.61,7485677.0
2017-06-23,383.45,6176578.0
2017-06-26,377.49,6575285.0
2017-06-27,362.37,6884529.0
2017-06-28,371.24,6245040.0
2017-06-29,360.75,8180408.0
2017-06-30,361.61,5759458.0
2017-07-03,352.62,6297330.0
2017-07-05,327.09,16883496.0
2017-07-06,308.83,19189195.0
2017-07-07,313.22,14053750.0
2017-07-10,316.05,13702080.0
2017-07-11,327.22,11400054.0
2017-07-12,329.52,10297839.0
2017-07-13,323.41,8540442.0
2017-07-14,327.78,5590393.0
2017-07-17,319.57,9784200.0
2017-07-18,328.24,6326961.0
2017-07-19,325.26,6300735.0
2017-07-20,329.92,5098707.0
2017-07-21,328.4,4826383.0
2017-07-24,342.52,8552012.0
2017-07-25,339.6,6958889.0
2017-07-26,343.85,4750198.0
2017-07-27,334.46,8259202.0
2017-07-28,335.07,4841257.0
2017-07-31,323.47,8499335.0
2017-08-01,319.57,8247544.0
2017-08-02,325.89,9911432.0
2017-08-03,347.09,13448583.0
2017-08-04,356.91,9151520.0
2017-08-07,355.17,6265570.0
2017-08-08,365.22,7363033.0
2017-08-09,363.53,6847245.0
2017-08-10,355.4,7035192.0
2017-08-11,357.87,4318835.0
2017-08-14,363.8,4461215.0
2017-08-15,362.33,3048074.0
2017-08-16,362.91,3328576.0
2017-08-17,351.92,4969222.0
2017-08-18,347.46,5335793.0
2017-08-21,337.86,6458812.0
2017-08-22,341.35,4288367.0
2017-08-23,352.77,4914201.0
2017-08-24,352.93,4540652.0
2017-08-25,348.05,3461744.0
2017-08-28,345.66,3718108.0
2017-08-29,347.36,4032825.0
2017-08-30,353.18,3390055.0
2017-08-31,355.9,4072795.0
2017-09-01,355.4,3049546.0
2017-09-05,349.59,3813862.0
2017-09-06,344.53,4058983.0
2017-09-07,350.61,4219997.0
2017-09-08,343.4,3248803.0
2017-09-11,363.69,7627917.0
2017-09-12,362.75,5929289.0
2017-09-13,366.23,4161382.0
2017-09-14,377.64,7141663.0
2017-09-15,379.81,5338678.0
2017-09-18,385.0,7149295.0
2017-09-19,375.1,6256035.0
2017-09-20,373.91,4892872.0
2017-09-21,366.48,4605428.0
2017-09-22,351.09,8105653.0
2017-09-25,344.99,7542161.0
2017-09-26,345.25,7126550.0
2017-09-27,340.97,6010631.0
2017-09-28,339.6,5279310.0
2017-09-29,341.1,5062297.0
2017-10-02,341.53,4901453.0
2017-10-03,348.14,9981885.0
2017-10-04,355.01,8120353.0
2017-10-05,355.33,4102286.0
2017-10-06,356.88,4171789.0
2017-10-09,342.94,7406324.0
2017-10-10,355.59,6914972.0
2017-10-11,354.6,4476769.0
2017-10-12,355.68,4047318.0
2017-10-13,355.57,3528413.0
2017-10-16,350.6,5353262.0
2017-10-17,355.75,3280670.0
2017-10-18,359.65,4898808.0
2017-10-19,351.81,5032884.0
2017-10-20,345.1,4888221.0
2017-10-23,337.02,5715817.0
2017-10-24,337.34,4463807.0
2017-10-25,325.84,8547764.0
2017-10-26,326.17,4980316.0
2017-10-27,320.87,6942493.0
2017-10-30,320.08,4236029.0
2017-10-31,331.53,5532647.0
2017-11-01,321.08,7028856.0
2017-11-02,299.26,19731322.0
2017-11-03,306.09,8835157.0
2017-11-06,302.78,6463227.0
2017-11-07,306.05,5209573.0
2017-11-08,304.39,4725271.0
2017-11-09,302.99,5419497.0
2017-11-10,302.99,4600097.0
2017-11-13,315.4,7536669.0
2017-11-14,308.7,5661102.0
2017-11-15,311.3,5909055.0
2017-11-16,312.5,5793324.0
2017-11-17,315.05,13682753.0
2017-11-20,308.74,8247650.0
2017-11-21,317.81,7230570.0
2017-11-22,312.6,4890091.0
2017-11-24,315.55,3242220.0
2017-11-27,316.81,4524921.0
2017-11-28,317.55,4916555.0
2017-11-29,307.54,8757414.0
2017-11-30,308.85,4345145.0
2017-12-01,306.53,4285954.0
2017-12-04,305.2,5811205.0
2017-12-05,303.7,4628462.0
2017-12-06,313.26,7160938.0
2017-12-07,311.24,4705140.0
2017-12-08,315.13,3442898.0
2017-12-11,328.91,7937981.0
2017-12-12,341.03,8648534.0
2017-12-13,339.03,6189204.0
2017-12-14,337.89,5744750.0
2017-12-15,343.45,6832071.0
2017-12-18,338.87,5441450.0
2017-12-19,331.1,6792009.0
2017-12-20,328.98,5937684.0
2017-12-21,331.66,4344701.0
2017-12-22,325.2,4186131.0
2017-12-26,317.29,4321909.0
2017-12-27,311.64,4645441.0
2017-12-28,315.36,4294689.0
2017-12-29,311.35,3727621.0
2018-01-02,320.53,4326988.0
2018-01-03,317.25,4185665.0
2018-01-04,314.62,9915932.0
2018-01-05,316.58,4578729.0
2018-01-08,336.41,9777059.0
2018-01-09,333.69,7109115.0
2018-01-10,334.8,4236168.0
2018-01-11,337.95,6619082.0
2018-01-12,336.22,4805025.0
2018-01-16,340.06,6392397.0
2018-01-17,347.16,7062337.0
2018-01-18,344.57,5619990.0
2018-01-19,350.02,4812052.0
2018-01-22,351.56,6157941.0
2018-01-23,352.79,5428872.0
2018-01-24,345.89,5251654.0
2018-01-25,337.64,6640964.0
2018-01-26,342.85,4515013.0
2018-01-29,349.53,4722025.0
2018-01-30,345.82,4696465.0
2018-01-31,354.31,6076998.0
2018-02-01,349.25,4163194.0
2018-02-02,343.75,3674909.0
2018-02-05,333.13,4053777.0
2018-02-06,333.97,4937928.0
2018-02-07,345.0,5846823.0
2018-02-08,315.23,9996464.0
2018-02-09,310.42,12795099.0
2018-02-12,315.73,6166161.0
2018-02-13,323.66,4506915.0
2018-02-14,322.31,3930911.0
2018-02-15,334.065,5892048.0
2018-02-16,335.49,5585810.0
2018-02-20,334.77,3996951.0
2018-02-21,333.3,3181755.0
2018-02-22,346.17,6940349.0
2018-02-23,352.05,5790795.0
2018-02-26,357.42,4312871.0
2018-02-27,350.99,4761537.0
2018-02-28,343.06,6042895.0
2018-03-01,330.93,6885601.0
2018-03-02,335.12,5092829.0
2018-03-05,333.35,3823769.0
2018-03-06,328.2,4285744.0
2018-03-07,332.3,5007297.0
2018-03-08,329.1,3476944.0
2018-03-09,327.17,5479716.0
2018-03-12,345.51,8212156.0
2018-03-13,341.84,5932110.0
2018-03-14,326.63,7932511.0
2018-03-15,325.6,6366922.0
2018-03-16,321.35,6058612.0
2018-03-19,313.56,7440766.0
2018-03-20,310.55,4726182.0
2018-03-21,316.53,5927881.0
2018-03-22,309.1,4914307.0
2018-03-23,301.54,6600538.0
2018-03-26,304.18,8324639.0
2018-03-27,279.18,13696168.0
2018-03-28,257.78,21001437.0
2018-03-29,266.13,15170749.0
2018-04-02,252.48,16113968.0
2018-04-03,267.53,18844384.0
2018-04-04,286.94,19896746.0
2018-04-05,305.72,19121101.0
2018-04-06,299.3,13520286.0
2018-04-09,289.66,10249805.0
2018-04-10,304.7,11024259.0
2018-04-11,300.93,7482945.0
2018-04-12,294.08,7608769.0
2018-04-13,300.34,7327223.0
2018-04-16,291.21,6338488.0
2018-04-17,287.69,7000023.0
2018-04-18,293.35,6557700.0
2018-04-19,300.08,6090599.0
2018-04-20,290.24,5627928.0
2018-04-23,283.37,4893378.0
2018-04-24,283.46,5685308.0
2018-04-25,280.69,4013574.0
2018-04-26,285.48,4356013.0
2018-04-27,294.075,4364626.0
2018-04-30,293.9,4228172.0
2018-05-01,299.92,4625603.0
2018-05-02,301.15,8970370.0
2018-05-03,284.45,17352130.0
2018-05-04,294.09,8569354.0
2018-05-07,302.77,8678224.0
2018-05-08,301.97,5930000.0
2018-05-09,306.85,5727365.0
2018-05-10,305.02,5651561.0
2018-05-11,301.06,4679649.0
2018-05-14,291.97,7286804.0
2018-05-15,284.18,9519173.0
2018-05-16,286.48,5674019.0
2018-05-17,284.54,4420612.0
2018-05-18,276.82,7251887.0
2018-05-21,284.49,9182571.0
2018-05-22,275.01,8945756.0
2018-05-23,279.07,5985053.0
2018-05-24,277.85,4176708.0
2018-05-25,278.85,3875082.0
2018-05-29,283.76,5666640.0
2018-05-30,291.72,7489686.0
2018-05-31,284.73,5919721.0
2018-06-01,291.82,5424386.0
2018-06-04,296.74,4797810.0
2018-06-05,291.13,5995157.0
2018-06-06,319.5,18767269.0
2018-06-07,316.09,14345271.0
2018-06-08,317.66,8205202.0
2018-06-11,332.1,13183473.0
2018-06-12,342.77,22347403.0
2018-06-13,344.78,9469804.0
2018-06-14,357.72,10981023.0
2018-06-15,358.17,10848254.0
2018-06-18,370.83,12073226.0
2018-06-19,352.55,12761903.0
2018-06-20,362.22,8383656.0
2018-06-21,347.51,7967145.0
2018-06-22,333.63,10266059.0
2018-06-25,333.01,6931304.0
2018-06-26,342.0,7452487.0
2018-06-27,344.5,8333727.0
2018-06-28,349.93,8398005.0
2018-06-29,342.95,6492396.0
2018-07-02,335.07,18759765.0
2018-07-03,310.86,12282638.0
2018-07-05,309.16,17476374.0
2018-07-06,308.9,8865451.0
2018-07-09,318.51,7596753.0
2018-07-10,322.47,9471498.0
2018-07-11,318.96,4884076.0
2018-07-12,316.71,5721166.0
2018-07-13,318.87,5875770.0
2018-07-16,310.1,7818655.0
2018-07-17,322.69,6996232.0
2018-07-18,323.85,5624211.0
2018-07-19,320.23,5915345.0
2018-07-20,313.58,5166547.0
2018-07-23,303.2,10992947.0
2018-07-24,297.43,9590784.0
2018-07-25,308.74,7094180.0
2018-07-26,306.65,4630522.0
2018-07-27,297.18,5703326.0
2018-07-30,290.17,6814072.0
2018-07-31,298.14,5076916.0
2018-08-01,300.84,10129430.0
2018-08-02,349.54,23214962.0
2018-08-03,348.17,13656486.0
2018-08-06,341.99,8564331.0
2018-08-07,379.57,30875768.0
2018-08-08,370.34,24571163.0
2018-08-09,352.45,17183811.0
2018-08-10,355.49,11552044.0
2018-08-13,356.41,10463881.0
2018-08-14,347.64,6986427.0
2018-08-15,338.69,9101258.0
2018-08-16,335.45,6064033.0
2018-08-17,305.5,18958612.0
2018-08-20,308.44,17402335.0
2018-08-21,321.9,13172230.0
2018-08-22,321.64,5945955.0
2018-08-23,320.1,5147286.0
2018-08-24,322.82,3602564.0
2018-08-27,319.27,13079288.0
2018-08-28,311.86,7649091.0
2018-08-29,305.01,7447392.0
2018-08-30,303.15,7216706.0
2018-08-31,301.66,5375104.0
2018-09-04,288.95,8350469.0
2018-09-05,280.74,7720821.0
2018-09-06,280.95,7480760.0
2018-09-07,263.24,22491931.0
2018-09-10,285.5,14283528.0
2018-09-11,279.44,9169989.0
2018-09-12,290.54,10015427.0
2018-09-13,289.46,6340336.0
2018-09-14,295.2,6765612.0
2018-09-17,294.84,6887577.0
2018-09-18,284.96,16547522.0
2018-09-19,299.02,8294917.0
2018-09-20,298.33,7349422.0
2018-09-21,299.1,5050478.0
2018-09-24,299.68,4842961.0
2018-09-25,300.99,4481729.0
2018-09-26,309.58,7843216.0
2018-09-27,307.52,8509084.0
2018-09-28,264.77,33649700.0
2018-10-01,310.7,21777597.0
2018-10-02,301.02,11743511.0
2018-10-03,294.8,7994988.0
2018-10-04,281.83,9814212.0
2018-10-05,261.95,17944537.0
2018-10-08,250.56,13472653.0
2018-10-09,262.8,12060574.0
2018-10-10,256.88,12815278.0
2018-10-11,252.23,8167738.0
2018-10-12,258.78,7201404.0
2018-10-15,259.59,6199965.0
2018-10-16,276.59,9526401.0
2018-10-17,271.78,8655542.0
2018-10-18,263.91,5421184.0
2018-10-19,260.0,9375549.0
2018-10-22,260.95,5600260.0
2018-10-23,294.14,19027753.0
2018-10-24,288.5,20058258.0
2018-10-25,314.86,20840724.0
2018-10-26,330.9,27425520.0
2018-10-29,334.85,14486027.0
2018-10-30,329.9,9126704.0
2018-10-31,337.32,7624348.0
2018-11-01,344.28,8000132.0
2018-11-02,346.41,7807971.0
2018-11-05,341.4,7831048.0
2018-11-06,341.06,6762889.0
2018-11-07,348.16,7374522.0
2018-11-08,351.4,7090674.0
2018-11-09,350.51,5098846.0
2018-11-12,331.28,6941523.0
2018-11-13,338.73,5448597.0
2018-11-14,344.0,5040287.0
2018-11-15,348.44,4625719.0
2018-11-16,354.31,7206191.0
2018-11-19,353.47,9708871.0
2018-11-20,347.49,8004709.0
2018-11-21,338.19,4686808.0
2018-11-23,325.83,4202642.0
2018-11-26,346.0,7992141.0
2018-11-27,343.92,6358300.0
2018-11-28,347.87,4127578.0
2018-11-29,341.17,3080724.0
2018-11-30,350.48,5628895.0
2018-12-03,358.49,8306511.0
2018-12-04,359.7,8461945.0
2018-12-06,363.06,7842508.0
2018-12-07,357.965,11511177.0
2018-12-10,365.15,6613455.0
2018-12-11,366.76,6308769.0
2018-12-12,366.6,5027048.0
2018-12-13,376.79,7365854.0
2018-12-14,365.71,6337555.0
2018-12-17,348.42,7674008.0
2018-12-18,337.03,7099999.0
2018-12-19,332.97,8274181.0
2018-12-20,315.38,9071858.0
2018-12-21,319.77,8016801.0
2018-12-24,295.39,5559913.0
2018-12-26,326.09,8163138.0
2018-12-27,316.13,8575133.0
2018-12-28,333.87,9938992.0
2018-12-31,332.8,6302338.0
2019-01-02,310.12,11658648.0
2019-01-03,300.36,6965184.0
2019-01-04,317.69,7394116.0
2019-01-07,334.96,7551225.0
2019-01-08,335.35,7008516.0
2019-01-09,338.53,5432945.0
2019-01-10,344.97,6056354.0
2019-01-11,347.26,5039052.0
2019-01-14,334.4,5247284.0
2019-01-15,344.43,6056590.0
2019-01-16,346.05,4691739.0
2019-01-17,347.31,3676733.0
2019-01-18,302.26,24150763.0
2019-01-22,298.92,12066741.0
2019-01-23,287.59,12529993.0
2019-01-24,291.51,8012155.0
2019-01-25,297.04,7258078.0
2019-01-28,296.38,6423279.0
2019-01-29,297.46,4621692.0
2019-01-30,308.77,11250318.0
2019-01-31,307.02,12569245.0
2019-02-01,312.21,7283441.0
2019-02-04,312.89,7352082.0
2019-02-05,321.35,6742765.0
2019-02-06,317.22,5038546.0
2019-02-07,307.51,6520611.0
2019-02-08,305.8,5844212.0
2019-02-11,312.84,7129713.0
2019-02-12,311.81,5517570.0
2019-02-13,308.17,5141617.0
2019-02-14,303.77,5200832.0
2019-02-15,307.88,3904947.0
2019-02-19,305.64,4168443.0
2019-02-20,302.56,7142117.0
2019-02-21,291.23,8909182.0
2019-02-22,294.71,5740558.0
2019-02-25,298.77,6626522.0
2019-02-26,297.86,8582535.0
2019-02-27,314.74,11183908.0
2019-02-28,319.88,10520653.0
2019-03-01,294.79,22911375.0
2019-03-04,285.36,17096818.0
2019-03-05,276.54,18764740.0
2019-03-06,276.24,10335485.0
2019-03-07,276.59,9442483.0
2019-03-08,284.14,8819625.0
2019-03-11,290.92,7392278.0
2019-03-12,283.36,7504137.0
2019-03-13,288.96,6844719.0
2019-03-14,289.96,7103447.0
2019-03-15,275.43,14785531.0
2019-03-18,269.49,10280980.0
2019-03-19,267.47,11800630.0
2019-03-20,273.6,6908224.0
2019-03-21,274.02,5947098.0
2019-03-22,264.53,8745609.0
2019-03-25,260.42,10215029.0
2019-03-26,267.77,7350948.0
2019-03-27,274.83,8779166.0
2019-03-28,278.62,6774093.0
2019-03-29,279.86,5991338.0
2019-04-01,289.18,8110439.0
2019-04-02,285.88,5478940.0
2019-04-03,291.81,7929864.0
2019-04-04,267.78,23720729.0
2019-04-05,274.96,13038257.0
2019-04-08,273.2,10410436.0
2019-04-09,272.31,5904031.0
2019-04-10,276.06,7061314.0
2019-04-11,268.42,9835927.0
2019-04-12,267.7,6745974.0
2019-04-15,266.38,10038579.0
2019-04-16,273.36,7272930.0
2019-04-17,271.23,5126468.0
2019-04-18,273.26,5876325.0
2019-04-22,262.75,12147141.0
2019-04-23,263.9,10943859.0
2019-04-24,258.66,10727454.0
2019-04-25,247.63,21849393.0
2019-04-26,235.14,22360709.0
2019-04-29,241.47,16714476.0
2019-04-30,238.69,9464628.0
2019-05-01,234.01,10704354.0
2019-05-02,244.1,18159339.0
2019-05-03,255.03,23706771.0
2019-05-06,255.34,10833943.0
2019-05-07,247.06,10131408.0
2019-05-08,244.84,6176440.0
2019-05-09,241.98,6711382.0
2019-05-10,239.52,7008336.0
2019-05-13,227.01,10834796.0
2019-05-14,232.31,7252412.0
2019-05-15,231.95,7295976.0
2019-05-16,228.33,7483273.0
2019-05-17,211.03,17786666.0
2019-05-20,205.36,20526195.0
2019-05-21,205.08,18003899.0
2019-05-22,192.73,18685187.0
2019-05-23,195.49,26547142.0
2019-05-24,190.63,14136572.0
2019-05-28,188.7,10312901.0
2019-05-29,189.86,11968638.0
2019-05-30,188.22,7926475.0
2019-05-31,185.16,10406732.0
2019-06-03,178.97,13064410.0
2019-06-04,193.6,13807522.0
2019-06-05,196.59,13510756.0
2019-06-06,205.95,20242151.0
2019-06-07,204.5,16003527.0
2019-06-10,212.88,10585039.0
2019-06-11,217.1,11653537.0
2019-06-12,209.26,15197544.0
2019-06-13,213.91,8168260.0
2019-06-14,214.92,7433402.0
2019-06-17,225.03,12316803.0
2019-06-18,224.74,12715788.0
2019-06-19,226.43,6575135.0
2019-06-20,219.62,11863462.0
2019-06-21,221.86,8202078.0
2019-06-24,223.64,5750771.0
2019-06-25,219.76,6182071.0
2019-06-26,219.27,8507208.0
2019-06-27,222.84,6339710.0
2019-06-28,223.46,6851384.0
2019-07-01,227.17,8237964.0
2019-07-02,224.55,9259027.0
2019-07-03,234.9,14201148.0
2019-07-05,233.1,7065738.0
2019-07-08,230.34,5880542.0
2019-07-09,230.06,6190835.0
2019-07-10,238.92,9145736.0
2019-07-11,238.6,7514430.0
2019-07-12,245.08,9200521.0
2019-07-15,253.5,10962599.0
2019-07-16,248.93,534075.0
